--
-- PostgreSQL database dump

\restrict aOqwTFZq2dHgUHNBzejIz4NBOVHGMyMKXI4bQXB2dXtg6A70LhE0BhA3ZMguwKt
-- Dumped from database version 16.14
-- Dumped by pg_dump version 16.14 (Homebrew)
SET statement_timeout = 0;
SET lock_timeout = 0;
SET idle_in_transaction_session_timeout = 0;
SET client_encoding = 'UTF8';
SET standard_conforming_strings = on;
SELECT pg_catalog.set_config('search_path', '', false);
SET check_function_bodies = false;
SET xmloption = content;
SET client_min_messages = warning;
SET row_security = off;
-- Data for Name: TaxonomyVersion; Type: TABLE DATA; Schema: public; Owner: -
INSERT INTO public."TaxonomyVersion" VALUES ('taxonomy_es_1_0_0', '1.0.0', 'es', 'ACTIVE', '2026-07-13 08:38:21.176', '2026-07-13 08:38:21.176');
-- Data for Name: Category; Type: TABLE DATA; Schema: public; Owner: -
INSERT INTO public."Category" VALUES ('cat_ropa_moda', 'ropa-y-moda', 'Ropa y moda', 'Prendas de vestir para mujer, hombre y público unisex.', 3, true, true, 'taxonomy_es_1_0_0', '2026-07-13 08:38:21.176', '2026-07-16 02:44:32.942', '/images/categories/ropa-y-moda.png', 'Prendas casuales y deportivas en tonos cálidos.', NULL, NULL, NULL, NULL, NULL, NULL, NULL, NULL);
INSERT INTO public."Category" VALUES ('cat_accesorios_moto', 'accesorios-para-moto', 'Accesorios para moto', 'Accesorios de protección, soporte y comunicación para motociclistas.', 5, true, true, 'taxonomy_es_1_0_0', '2026-07-13 08:38:21.176', '2026-07-16 02:44:33.209', '/images/categories/accesorios-para-moto.png', 'Soporte para celular, intercomunicador y accesorios de protección para moto.', NULL, NULL, NULL, NULL, NULL, NULL, NULL, NULL);
INSERT INTO public."Category" VALUES ('cat_electronica_seguridad', 'electronica-y-seguridad', 'Electrónica y seguridad', 'Dispositivos electrónicos para seguridad y vigilancia.', 6, true, true, 'taxonomy_es_1_0_0', '2026-07-13 08:38:21.176', '2026-07-16 02:44:33.311', '/images/categories/electronica-y-seguridad.png', 'Cámaras de seguridad compactas para vigilancia.', NULL, NULL, NULL, NULL, NULL, NULL, NULL, NULL);
INSERT INTO public."Category" VALUES ('cat_belleza_cuidado', 'belleza-y-cuidado-personal', 'Belleza y cuidado personal', 'Productos y equipos para higiene, belleza y cuidado personal.', 7, true, true, 'taxonomy_es_1_0_0', '2026-07-13 08:38:21.176', '2026-07-16 02:44:33.413', '/images/categories/belleza-y-cuidado-personal.png', 'Máquina de afeitar y elementos de cuidado personal.', NULL, NULL, NULL, NULL, NULL, NULL, NULL, NULL);
INSERT INTO public."Category" VALUES ('8c3cfffa-019b-4c3d-b5bd-82e0cb64408c', 'camisas-estampada', 'Camisas Estampadas', 'La sofisticación se encuentra con el diseño en nuestra línea de camisas con estampados exclusivos. Detalles sutiles y patrones modernos que elevan cualquier look casual o semi-formal. Prendas versátiles, ligeras y de alta calidad diseñadas para el hombre y la mujer actual', 1, true, true, 'taxonomy_es_1_0_0', '2026-07-16 02:44:21.223', '2026-07-16 02:46:26.351', 'https://d139alfkeie86e.cloudfront.net/images/categories/2026/07/38637766-2e38-4276-9337-c0c7df25922e.png', 'estampadas', 'images/categories/2026/07/38637766-2e38-4276-9337-c0c7df25922e.png', 'image/png', 880, 1210, 1931844, '6a14e23f6a4a6b91a70cf5b7f6576782f4e1e7868cd35662fcdfb7795b61bdaa', NULL, NULL);
INSERT INTO public."Category" VALUES ('ebf610f9-6f8c-42c8-8e50-a984943adb3b', 'combitos', 'Combos', 'Combinar siempre conviene. Nuestros combos están pensados para que te lleves más por menos: agrupamos productos complementarios con descuentos exclusivos que no vas a encontrar comprándolos por separado', 2, true, true, 'taxonomy_es_1_0_0', '2026-07-14 09:03:52.796', '2026-07-16 02:44:32.849', 'https://d139alfkeie86e.cloudfront.net/images/categories/2026/07/e45d99b8-ac31-45b6-ad1d-a5968dce4e05.png', 'combitos', 'images/categories/2026/07/e45d99b8-ac31-45b6-ad1d-a5968dce4e05.png', 'image/png', 1254, 1254, 3013260, '38ff599381d280d46ee88c7c81d52076ca2dd8ce93011936870cd1cf2012d0f5', NULL, NULL);
INSERT INTO public."Category" VALUES ('cat_accesorios_moda', 'accesorios-de-moda', 'Accesorios de moda', 'Complementos personales y accesorios para vestir.', 4, true, true, 'taxonomy_es_1_0_0', '2026-07-13 08:38:21.176', '2026-07-16 02:44:33.102', 'https://d139alfkeie86e.cloudfront.net/images/categories/2026/07/244df5fd-f502-49b2-98db-539c2c8e9285.png', 'Reloj, lentes, bolso y billetera de estilo contemporáneo.', 'images/categories/2026/07/244df5fd-f502-49b2-98db-539c2c8e9285.png', 'image/png', 1254, 1254, 2004253, '948ce5f29fe7b461851e6bc25d1031a2f485aee3dc71c7ba722a1923c96688c6', NULL, NULL);
INSERT INTO public."Category" VALUES ('cat_hogar_cocina', 'hogar-y-cocina', 'Hogar y cocina', 'Artículos prácticos para el hogar y la cocina.', 8, true, true, 'taxonomy_es_1_0_0', '2026-07-13 08:38:21.176', '2026-07-16 02:44:33.505', '/images/categories/hogar-y-cocina.png', 'Encendedor largo para estufa en una cocina cálida.', NULL, NULL, NULL, NULL, NULL, NULL, NULL, NULL);
INSERT INTO public."Category" VALUES ('cat_alimentos_bebidas', 'alimentos-y-bebidas', 'Alimentos y bebidas', 'Productos alimenticios y bebidas empacadas.', 9, true, true, 'taxonomy_es_1_0_0', '2026-07-13 08:38:21.176', '2026-07-16 02:44:33.624', '/images/categories/alimentos-y-bebidas.png', 'Café tostado servido junto a granos y un empaque neutro.', NULL, NULL, NULL, NULL, NULL, NULL, NULL, NULL);
-- Data for Name: CategorySlugAlias; Type: TABLE DATA; Schema: public; Owner: -
-- Data for Name: Subcategory; Type: TABLE DATA; Schema: public; Owner: -
INSERT INTO public."Subcategory" VALUES ('sub_camisetas', 'camisetas', 'Camisetas', 1, true, 'cat_ropa_moda', '2026-07-13 08:38:21.176', '2026-07-13 08:38:21.176');
INSERT INTO public."Subcategory" VALUES ('sub_conjuntos_mujer', 'conjuntos-para-mujer', 'Conjuntos para mujer', 2, true, 'cat_ropa_moda', '2026-07-13 08:38:21.176', '2026-07-13 08:38:21.176');
INSERT INTO public."Subcategory" VALUES ('sub_bodys', 'bodys', 'Bodys', 3, true, 'cat_ropa_moda', '2026-07-13 08:38:21.176', '2026-07-13 08:38:21.176');
INSERT INTO public."Subcategory" VALUES ('sub_ropa_deportiva_mujer', 'ropa-deportiva-para-mujer', 'Ropa deportiva para mujer', 4, true, 'cat_ropa_moda', '2026-07-13 08:38:21.176', '2026-07-13 08:38:21.176');
INSERT INTO public."Subcategory" VALUES ('sub_pantalonetas_bermudas', 'pantalonetas-y-bermudas', 'Pantalonetas y bermudas', 5, true, 'cat_ropa_moda', '2026-07-13 08:38:21.176', '2026-07-13 08:38:21.176');
INSERT INTO public."Subcategory" VALUES ('sub_relojes', 'relojes', 'Relojes', 1, true, 'cat_accesorios_moda', '2026-07-13 08:38:21.176', '2026-07-13 08:38:21.176');
INSERT INTO public."Subcategory" VALUES ('sub_lentes', 'lentes', 'Lentes', 2, true, 'cat_accesorios_moda', '2026-07-13 08:38:21.176', '2026-07-13 08:38:21.176');
INSERT INTO public."Subcategory" VALUES ('sub_bolsos', 'bolsos', 'Bolsos', 3, true, 'cat_accesorios_moda', '2026-07-13 08:38:21.176', '2026-07-13 08:38:21.176');
INSERT INTO public."Subcategory" VALUES ('sub_billeteras', 'billeteras', 'Billeteras', 4, true, 'cat_accesorios_moda', '2026-07-13 08:38:21.176', '2026-07-13 08:38:21.176');
INSERT INTO public."Subcategory" VALUES ('sub_proteccion_motociclista', 'proteccion-para-motociclista', 'Protección para motociclista', 1, true, 'cat_accesorios_moto', '2026-07-13 08:38:21.176', '2026-07-13 08:38:21.176');
INSERT INTO public."Subcategory" VALUES ('sub_soportes_celular_moto', 'soportes-para-celular', 'Soportes para celular', 2, true, 'cat_accesorios_moto', '2026-07-13 08:38:21.176', '2026-07-13 08:38:21.176');
INSERT INTO public."Subcategory" VALUES ('sub_comunicacion_casco', 'comunicacion-para-casco', 'Comunicación para casco', 3, true, 'cat_accesorios_moto', '2026-07-13 08:38:21.176', '2026-07-13 08:38:21.176');
INSERT INTO public."Subcategory" VALUES ('sub_camaras_seguridad', 'camaras-de-seguridad', 'Cámaras de seguridad', 1, true, 'cat_electronica_seguridad', '2026-07-13 08:38:21.176', '2026-07-13 08:38:21.176');
INSERT INTO public."Subcategory" VALUES ('sub_maquinas_afeitar', 'maquinas-de-afeitar', 'Máquinas de afeitar', 1, true, 'cat_belleza_cuidado', '2026-07-13 08:38:21.176', '2026-07-13 08:38:21.176');
INSERT INTO public."Subcategory" VALUES ('sub_encendedores_cocina', 'encendedores-de-cocina', 'Encendedores de cocina', 1, true, 'cat_hogar_cocina', '2026-07-13 08:38:21.176', '2026-07-13 08:38:21.176');
INSERT INTO public."Subcategory" VALUES ('sub_cafe', 'cafe', 'Café', 1, true, 'cat_alimentos_bebidas', '2026-07-13 08:38:21.176', '2026-07-13 08:38:21.176');
-- Data for Name: ProductType; Type: TABLE DATA; Schema: public; Owner: -
INSERT INTO public."ProductType" VALUES ('Camiseta', 1, true, 'sub_camisetas', '2026-07-13 08:38:21.176', '2026-07-13 08:38:21.176');
INSERT INTO public."ProductType" VALUES ('Camiseta oversize', 2, true, 'sub_camisetas', '2026-07-13 08:38:21.176', '2026-07-13 08:38:21.176');
INSERT INTO public."ProductType" VALUES ('Camiseta básica', 3, true, 'sub_camisetas', '2026-07-13 08:38:21.176', '2026-07-13 08:38:21.176');
INSERT INTO public."ProductType" VALUES ('Conjunto de blusa y pantalón', 1, true, 'sub_conjuntos_mujer', '2026-07-13 08:38:21.176', '2026-07-13 08:38:21.176');
INSERT INTO public."ProductType" VALUES ('Conjunto de camiseta y bermuda', 2, true, 'sub_conjuntos_mujer', '2026-07-13 08:38:21.176', '2026-07-13 08:38:21.176');
INSERT INTO public."ProductType" VALUES ('Conjunto con blusón', 3, true, 'sub_conjuntos_mujer', '2026-07-13 08:38:21.176', '2026-07-13 08:38:21.176');
INSERT INTO public."ProductType" VALUES ('Body', 1, true, 'sub_bodys', '2026-07-13 08:38:21.176', '2026-07-13 08:38:21.176');
INSERT INTO public."ProductType" VALUES ('Leggings', 1, true, 'sub_ropa_deportiva_mujer', '2026-07-13 08:38:21.176', '2026-07-13 08:38:21.176');
INSERT INTO public."ProductType" VALUES ('Top deportivo', 2, true, 'sub_ropa_deportiva_mujer', '2026-07-13 08:38:21.176', '2026-07-13 08:38:21.176');
INSERT INTO public."ProductType" VALUES ('Malla corta', 3, true, 'sub_ropa_deportiva_mujer', '2026-07-13 08:38:21.176', '2026-07-13 08:38:21.176');
INSERT INTO public."ProductType" VALUES ('Falda short', 4, true, 'sub_ropa_deportiva_mujer', '2026-07-13 08:38:21.176', '2026-07-13 08:38:21.176');
INSERT INTO public."ProductType" VALUES ('Camiseta deportiva', 5, true, 'sub_ropa_deportiva_mujer', '2026-07-13 08:38:21.176', '2026-07-13 08:38:21.176');
INSERT INTO public."ProductType" VALUES ('Pantaloneta', 1, true, 'sub_pantalonetas_bermudas', '2026-07-13 08:38:21.176', '2026-07-13 08:38:21.176');
INSERT INTO public."ProductType" VALUES ('Bermuda', 2, true, 'sub_pantalonetas_bermudas', '2026-07-13 08:38:21.176', '2026-07-13 08:38:21.176');
INSERT INTO public."ProductType" VALUES ('Reloj', 1, true, 'sub_relojes', '2026-07-13 08:38:21.176', '2026-07-13 08:38:21.176');
INSERT INTO public."ProductType" VALUES ('Lentes de moda', 1, true, 'sub_lentes', '2026-07-13 08:38:21.176', '2026-07-13 08:38:21.176');
INSERT INTO public."ProductType" VALUES ('Lentes deportivos', 2, true, 'sub_lentes', '2026-07-13 08:38:21.176', '2026-07-13 08:38:21.176');
INSERT INTO public."ProductType" VALUES ('Bolso', 1, true, 'sub_bolsos', '2026-07-13 08:38:21.176', '2026-07-13 08:38:21.176');
INSERT INTO public."ProductType" VALUES ('Bolso bandolera', 2, true, 'sub_bolsos', '2026-07-13 08:38:21.176', '2026-07-13 08:38:21.176');
INSERT INTO public."ProductType" VALUES ('Billetera', 1, true, 'sub_billeteras', '2026-07-13 08:38:21.176', '2026-07-13 08:38:21.176');
INSERT INTO public."ProductType" VALUES ('Pasamontañas', 1, true, 'sub_proteccion_motociclista', '2026-07-13 08:38:21.176', '2026-07-13 08:38:21.176');
INSERT INTO public."ProductType" VALUES ('Mangas protectoras', 2, true, 'sub_proteccion_motociclista', '2026-07-13 08:38:21.176', '2026-07-13 08:38:21.176');
INSERT INTO public."ProductType" VALUES ('Protector para calzado', 3, true, 'sub_proteccion_motociclista', '2026-07-13 08:38:21.176', '2026-07-13 08:38:21.176');
INSERT INTO public."ProductType" VALUES ('Soporte para celular', 1, true, 'sub_soportes_celular_moto', '2026-07-13 08:38:21.176', '2026-07-13 08:38:21.176');
INSERT INTO public."ProductType" VALUES ('Intercomunicador', 1, true, 'sub_comunicacion_casco', '2026-07-13 08:38:21.176', '2026-07-13 08:38:21.176');
INSERT INTO public."ProductType" VALUES ('Cámara de seguridad', 1, true, 'sub_camaras_seguridad', '2026-07-13 08:38:21.176', '2026-07-13 08:38:21.176');
INSERT INTO public."ProductType" VALUES ('Cámara 360', 2, true, 'sub_camaras_seguridad', '2026-07-13 08:38:21.176', '2026-07-13 08:38:21.176');
INSERT INTO public."ProductType" VALUES ('Máquina de afeitar', 1, true, 'sub_maquinas_afeitar', '2026-07-13 08:38:21.176', '2026-07-13 08:38:21.176');
INSERT INTO public."ProductType" VALUES ('Encendedor para estufa', 1, true, 'sub_encendedores_cocina', '2026-07-13 08:38:21.176', '2026-07-13 08:38:21.176');
INSERT INTO public."ProductType" VALUES ('Café', 1, true, 'sub_cafe', '2026-07-13 08:38:21.176', '2026-07-13 08:38:21.176');
-- Data for Name: Product; Type: TABLE DATA; Schema: public; Owner: -
INSERT INTO public."Product" VALUES (220132, 'hoodies', 'HOODYS', NULL, 20.00, 'USD', false, '2026-07-17 03:48:10.209', '2026-07-17 03:50:41.742', false, NULL, false, false, false, NULL, NULL, NULL, NULL, NULL, NULL, NULL, NULL, NULL);
INSERT INTO public."Product" VALUES (220125, 'combo-cafetero', 'Combo cafetero', 'combo cafetero, viene con dos tazas de cafe estampadas, un cafe juanvaldez y un cafe tostado y tres caafe colcafe de diferentes sabores', 20.00, 'USD', true, '2026-07-14 13:57:54.102', '2026-07-15 23:11:29.525', true, NULL, true, true, true, 'Café', NULL, NULL, NULL, NULL, NULL, NULL, NULL, NULL);
INSERT INTO public."Product" VALUES (220128, 'gora-humasn-2', 'Gorra Humans', NULL, 15.00, 'USD', true, '2026-07-14 20:33:16.158', '2026-07-16 01:04:45.63', false, NULL, true, true, true, 'Lentes de moda', NULL, NULL, NULL, NULL, NULL, NULL, NULL, NULL);
INSERT INTO public."Product" VALUES (220130, 'camisa-estampada', 'Camisa estampada', NULL, 12.00, 'USD', true, '2026-07-16 03:39:45.415', '2026-07-16 03:43:00.166', false, NULL, true, true, true, 'Camiseta básica', NULL, NULL, NULL, NULL, NULL, NULL, NULL, NULL);
INSERT INTO public."Product" VALUES (220133, 'splash-dama', 'Splash Dama', NULL, 10.00, 'USD', true, '2026-07-17 03:51:37.999', '2026-07-17 03:52:45.361', false, NULL, true, true, true, 'Máquina de afeitar', NULL, NULL, NULL, NULL, NULL, NULL, NULL, NULL);
INSERT INTO public."Product" VALUES (200005, 'camiseta-peruana-per-xxl', 'Camiseta Peruana', 'Camiseta Peruana. Referencia de proveedor: PXXL-N. Stock total: 1 unidades.', 19.04, 'USD', false, '2026-07-13 18:18:09.693', '2026-07-17 03:54:21.746', false, NULL, true, false, false, 'Camiseta', NULL, NULL, NULL, NULL, NULL, NULL, '2026-07-17 03:54:21.745', 'cmrk5c2ul00002k2j5ltiu9jh');
INSERT INTO public."Product" VALUES (200001, 'camiseta-premium-prx', 'Camiseta Premium', 'Camiseta Premium. Referencia de proveedor: Disponibles en M, L, XL', 15.86, 'USD', true, '2026-07-13 18:18:09.693', '2026-07-16 03:54:23.41', false, NULL, true, true, true, 'Camiseta', NULL, NULL, NULL, NULL, NULL, NULL, NULL, NULL);
INSERT INTO public."Product" VALUES (220129, 'gorra-humnas-amailla-blanco', 'Gorra Humans - Amarilla y blanco', NULL, 15.00, 'USD', false, '2026-07-14 20:37:57.994', '2026-07-16 01:01:33.232', false, NULL, true, false, false, 'Lentes de moda', NULL, NULL, NULL, NULL, NULL, NULL, '2026-07-16 01:01:33.231', 'cmrk5c2ul00002k2j5ltiu9jh');
INSERT INTO public."Product" VALUES (220126, 'splahs-caballero', 'Splash Para Caballero', 'Splah para caballero, venta por unidad.', 5.00, 'USD', true, '2026-07-14 14:53:25.389', '2026-07-16 02:48:21.411', true, NULL, true, true, true, 'Máquina de afeitar', NULL, NULL, NULL, NULL, NULL, NULL, NULL, NULL);
INSERT INTO public."Product" VALUES (200010, 'body-en-rib-bkr003', 'Body en Rib', 'Body en Rib. Referencia de proveedor: B-L/B-XL. Stock total: 6 unidades.', 7.90, 'USD', true, '2026-07-13 18:18:09.693', '2026-07-13 18:18:27.257', false, NULL, true, true, true, 'Body', NULL, NULL, NULL, NULL, NULL, NULL, NULL, NULL);
INSERT INTO public."Product" VALUES (200012, 'top-v-1055', 'Top V', 'Top V. Referencia de proveedor: 1055. Stock total: 3 unidades.', 5.40, 'USD', true, '2026-07-13 18:18:09.693', '2026-07-13 18:18:28.119', false, NULL, true, true, true, 'Top deportivo', NULL, NULL, NULL, NULL, NULL, NULL, NULL, NULL);
INSERT INTO public."Product" VALUES (200013, 'malla-corta-para-mujer-1036', 'Malla Corta para Mujer', 'Malla Corta para Mujer. Referencia de proveedor: 1036. Stock total: 3 unidades.', 6.98, 'USD', true, '2026-07-13 18:18:09.693', '2026-07-13 18:18:28.555', false, NULL, true, true, true, 'Malla corta', NULL, NULL, NULL, NULL, NULL, NULL, NULL, NULL);
INSERT INTO public."Product" VALUES (200014, 'falda-short-para-mujer-1010', 'Falda Short para Mujer', 'Falda Short para Mujer. Referencia de proveedor: 1010. Stock total: 3 unidades.', 7.77, 'USD', true, '2026-07-13 18:18:09.693', '2026-07-13 18:18:28.986', false, NULL, true, true, true, 'Falda short', NULL, NULL, NULL, NULL, NULL, NULL, NULL, NULL);
INSERT INTO public."Product" VALUES (200015, 'top-amalia-1048', 'Top Amalia', 'Top Amalia. Referencia de proveedor: 1048. Stock total: 3 unidades.', 6.98, 'USD', true, '2026-07-13 18:18:09.693', '2026-07-13 18:18:29.35', false, NULL, true, true, true, 'Top deportivo', NULL, NULL, NULL, NULL, NULL, NULL, NULL, NULL);
INSERT INTO public."Product" VALUES (200016, 'camiseta-beisbolera-dama-1038', 'Camiseta Beisbolera Dama', 'Camiseta Beisbolera Dama. Referencia de proveedor: 1038. Stock total: 4 unidades.', 7.77, 'USD', true, '2026-07-13 18:18:09.693', '2026-07-13 18:18:29.791', false, NULL, true, true, true, 'Camiseta deportiva', NULL, NULL, NULL, NULL, NULL, NULL, NULL, NULL);
INSERT INTO public."Product" VALUES (200017, 'camiseta-basica-dama-1009', 'Camiseta Básica Dama', 'Camiseta Básica Dama. Referencia de proveedor: 1009. Stock total: 6 unidades.', 6.59, 'USD', true, '2026-07-13 18:18:09.693', '2026-07-13 18:18:30.234', false, NULL, true, true, true, 'Camiseta deportiva', NULL, NULL, NULL, NULL, NULL, NULL, NULL, NULL);
INSERT INTO public."Product" VALUES (200004, 'camiseta-qatar-rib-tallada-qat-xxl', 'Camiseta Qatar Rib Tallada', 'Camiseta Qatar Rib Tallada. Referencia de proveedor: QXXL-B/QXXL-N. Stock total: 3 unidades.', 15.32, 'USD', false, '2026-07-13 18:18:09.693', '2026-07-16 04:00:41.433', false, NULL, true, false, false, 'Camiseta', NULL, NULL, NULL, NULL, NULL, NULL, '2026-07-16 04:00:41.433', 'cmrk5c2ul00002k2j5ltiu9jh');
INSERT INTO public."Product" VALUES (200009, 'conjunto-rib-blusa-y-pantalon-pellizco-cbk146', 'Conjunto Rib Blusa y Pantalón Pellizco', 'Conjunto Rib Blusa y Pantalón Pellizco. Referencia de proveedor: CR-L/CR-XL. Stock total: 6 unidades.', 28.04, 'USD', true, '2026-07-13 18:18:09.693', '2026-07-16 02:52:44.361', false, NULL, true, true, true, 'Conjunto de blusa y pantalón', NULL, NULL, NULL, NULL, NULL, NULL, NULL, NULL);
INSERT INTO public."Product" VALUES (200006, 'camiseta-randy-200-g-rnd', 'Camiseta Randy 200 g', 'Camiseta Randy 200 g. Referencia de proveedor: ES/EM. Stock total: 12 unidades.', 11.75, 'USD', false, '2026-07-13 18:18:09.693', '2026-07-16 04:00:50.771', false, NULL, true, false, false, 'Camiseta', NULL, NULL, NULL, NULL, NULL, NULL, '2026-07-16 04:00:50.77', 'cmrk5c2ul00002k2j5ltiu9jh');
INSERT INTO public."Product" VALUES (200022, 'reloj-curren-8225-cr-8225', 'Reloj Curren 8225', 'Reloj Curren 8225. Referencia de proveedor: 8225. Stock total: 1 unidades.', 43.90, 'USD', true, '2026-07-13 18:18:09.693', '2026-07-16 04:32:56.586', false, NULL, true, true, true, 'Reloj', NULL, NULL, NULL, NULL, NULL, NULL, NULL, NULL);
INSERT INTO public."Product" VALUES (200007, 'conjunto-bermuda-pellizco-y-camiseta-dama-cbk108', 'Conjunto Bermuda Pellizco y Camiseta Dama', 'Conjunto Bermuda Pellizco y Camiseta Dama. Referencia de proveedor: CB-L/CB-XL. Stock total: 6 unidades.', 17.33, 'USD', true, '2026-07-13 18:18:09.693', '2026-07-16 02:54:41.093', false, NULL, true, true, true, 'Conjunto de camiseta y bermuda', NULL, NULL, NULL, NULL, NULL, NULL, NULL, NULL);
INSERT INTO public."Product" VALUES (200023, 'reloj-curren-8250-cr-8250', 'Reloj Curren 8250', 'Reloj Curren 8250. Referencia de proveedor: 8250. Stock total: 1 unidades.', 43.90, 'USD', true, '2026-07-13 18:18:09.693', '2026-07-16 04:33:12.408', false, NULL, true, true, true, 'Reloj', NULL, NULL, NULL, NULL, NULL, NULL, NULL, NULL);
INSERT INTO public."Product" VALUES (200008, 'conjunto-3-alforjas-y-bluson-burda-cbk137', 'Conjunto 3 Alforjas y Blusón Burda', 'Conjunto 3 Alforjas y Blusón Burda. Referencia de proveedor: CP-L/CP-XL. Stock total: 3 unidades.', 20.33, 'USD', true, '2026-07-13 18:18:09.693', '2026-07-16 02:58:06.145', false, NULL, true, true, true, 'Conjunto con blusón', NULL, NULL, NULL, NULL, NULL, NULL, NULL, NULL);
INSERT INTO public."Product" VALUES (200021, 'reloj-curren-9084-cr-9084', 'Reloj Curren 9084', 'Reloj Curren 9084. Referencia de proveedor: 9084. Stock total: 1 unidades.', 43.90, 'USD', true, '2026-07-13 18:18:09.693', '2026-07-16 04:33:29.343', false, NULL, true, true, true, 'Reloj', NULL, NULL, NULL, NULL, NULL, NULL, NULL, NULL);
INSERT INTO public."Product" VALUES (200019, 'pantaloneta-burda-pant-burda', 'Pantaloneta Burda', 'Pantaloneta Burda. Referencia de proveedor: PANT-BURDA. Stock total: 10 unidades.', 10.14, 'USD', true, '2026-07-13 18:18:09.693', '2026-07-17 02:59:05.621', false, NULL, true, true, true, 'Pantaloneta', NULL, NULL, NULL, NULL, NULL, NULL, NULL, NULL);
INSERT INTO public."Product" VALUES (200003, 'camiseta-qatar-qat', 'Camiseta Qatar', 'Camiseta Qatar. Referencia de proveedor: QV-L/QATAR L/QATAR M. Stock total: 12 unidades.', 12.33, 'USD', true, '2026-07-13 18:18:09.693', '2026-07-14 00:54:38.375', false, NULL, true, true, true, 'Camiseta', NULL, NULL, NULL, NULL, NULL, NULL, NULL, NULL);
INSERT INTO public."Product" VALUES (200002, 'camiseta-elite-el', 'Camiseta Elite', 'Camiseta Elite. Referencia de proveedor: EEL. Stock total: 1 unidades.', 15.61, 'USD', true, '2026-07-13 18:18:09.693', '2026-07-14 01:47:37.983', false, NULL, true, true, true, 'Camiseta', NULL, NULL, NULL, NULL, NULL, NULL, NULL, NULL);
INSERT INTO public."Product" VALUES (200011, 'leggings-para-mujer', 'Leggings Deportivos - Mujer', 'Leggings para Mujer. Referencia de proveedor: 1041.', 7.77, 'USD', true, '2026-07-13 18:18:09.693', '2026-07-16 03:03:38.63', false, NULL, true, true, true, 'Leggings', NULL, NULL, NULL, NULL, NULL, NULL, NULL, NULL);
INSERT INTO public."Product" VALUES (200018, 'pantaloneta-perchada-pant-perch', 'Pantaloneta Perchada', 'Pantaloneta Perchada. Referencia de proveedor: PANT-PERCH. Stock total: 10 unidades.', 12.90, 'USD', true, '2026-07-13 18:18:09.693', '2026-07-17 03:01:29.464', false, NULL, true, true, true, 'Pantaloneta', NULL, NULL, NULL, NULL, NULL, NULL, NULL, NULL);
INSERT INTO public."Product" VALUES (200025, 'reloj-curren-8395-cr-8395', 'Reloj Curren 8395', 'Reloj Curren 8395. Referencia de proveedor: 8395. Stock total: 1 unidades.', 54.18, 'USD', true, '2026-07-13 18:18:09.693', '2026-07-16 03:16:44.123', true, 12, true, true, true, 'Reloj', NULL, NULL, NULL, NULL, NULL, NULL, NULL, NULL);
INSERT INTO public."Product" VALUES (200024, 'reloj-curren-8442-cr-8442', 'Reloj Curren 8442', 'Reloj Curren 8442. Referencia de proveedor: 8442. Stock total: 1 unidades.', 61.04, 'USD', true, '2026-07-13 18:18:09.693', '2026-07-16 03:17:37.364', true, 10, true, true, true, 'Reloj', NULL, NULL, NULL, NULL, NULL, NULL, NULL, NULL);
INSERT INTO public."Product" VALUES (200020, 'pantaloneta-qatar-con-bolsillo-pant-qat', 'Pantaloneta Qatar con Bolsillo', 'Pantaloneta Qatar con Bolsillo. Referencia de proveedor: PANT-QAT. Stock total: 4 unidades.', 12.11, 'USD', true, '2026-07-13 18:18:09.693', '2026-07-17 03:02:12.046', false, NULL, true, true, true, 'Pantaloneta', NULL, NULL, NULL, NULL, NULL, NULL, NULL, NULL);
INSERT INTO public."Product" VALUES (200000, 'camiseta-acid-wash-oversize-cw', 'Camiseta Acid Wash Oversize', 'Camiseta Acid Wash Oversize. Referencia de proveedor: CWXL/CWL. Stock total: 8 unidades.', 16.47, 'USD', true, '2026-07-13 18:18:09.693', '2026-07-17 03:14:22.604', true, 1, true, true, true, 'Camiseta oversize', 'Oversize', NULL, NULL, NULL, NULL, NULL, NULL, NULL);
INSERT INTO public."Product" VALUES (220131, 'croptop', 'Croptop', NULL, 7.00, 'USD', true, '2026-07-17 03:09:20.359', '2026-07-17 03:18:30.351', false, NULL, true, true, true, 'Camiseta', NULL, NULL, NULL, NULL, NULL, NULL, NULL, NULL);
INSERT INTO public."Product" VALUES (200031, 'lentes-unisex-l-uni', 'Lentes Unisex', 'Lentes Unisex. Referencia de proveedor: LU-20. Stock total: 2 unidades.', 10.47, 'USD', true, '2026-07-13 18:18:09.693', '2026-07-17 03:22:06.841', true, 11, true, true, true, 'Lentes de moda', NULL, NULL, NULL, NULL, NULL, NULL, NULL, NULL);
INSERT INTO public."Product" VALUES (200027, 'reloj-curren-9098-cr-9098', 'Reloj Curren 9098', 'Reloj Curren 9098. Referencia de proveedor: 9098. Stock total: 1 unidades.', 39.90, 'USD', true, '2026-07-13 18:18:09.693', '2026-07-16 03:19:01.501', true, 15, true, true, true, 'Reloj', NULL, NULL, NULL, NULL, NULL, NULL, NULL, NULL);
INSERT INTO public."Product" VALUES (200030, 'lentes-para-dama-l-dam', 'Lentes para Dama', 'Lentes para Dama. Referencia de proveedor: LM-20/LM-25-dam. Stock total: 5 unidades.', 10.94, 'USD', true, '2026-07-13 18:18:09.693', '2026-07-17 03:25:21.007', false, NULL, true, true, true, 'Lentes de moda', NULL, NULL, NULL, NULL, NULL, NULL, NULL, NULL);
INSERT INTO public."Product" VALUES (200026, 'reloj-curren-9095-cr-9095', 'Reloj Curren 9095', 'Reloj Curren 9095. Referencia de proveedor: 9095. Stock total: 1 unidades.', 43.90, 'USD', true, '2026-07-13 18:18:09.693', '2026-07-16 03:24:42.181', true, 14, true, true, true, 'Reloj', NULL, NULL, NULL, NULL, NULL, NULL, NULL, NULL);
INSERT INTO public."Product" VALUES (200044, 'cafe-juan-valdez-cafe-jv', 'Café Juan Valdez 200', 'Café Juan Valdez. Referencia de proveedor: CAFE-JV. Stock total: 4 unidades.', 7.90, 'USD', true, '2026-07-13 18:18:09.693', '2026-07-16 04:06:20.441', true, 3, true, true, true, 'Café', NULL, NULL, NULL, NULL, NULL, NULL, NULL, NULL);
INSERT INTO public."Product" VALUES (200046, 'cafe-colcafe-cafe-col', 'Café Colcafé', 'Café Colcafé. Referencia de proveedor: CAFE-COL. Stock total: 30 unidades.', 0.80, 'USD', true, '2026-07-13 18:18:09.693', '2026-07-16 04:31:37.782', false, NULL, true, true, true, 'Café', NULL, NULL, NULL, NULL, NULL, NULL, NULL, NULL);
INSERT INTO public."Product" VALUES (200045, 'cafe-tostao-cafe-tost', 'Café Tostao', 'Café Tostao. Referencia de proveedor: CAFE-TOST. Stock total: 4 unidades.', 7.04, 'USD', true, '2026-07-13 18:18:09.693', '2026-07-16 04:31:52.965', false, NULL, true, true, true, 'Café', NULL, NULL, NULL, NULL, NULL, NULL, NULL, NULL);
INSERT INTO public."Product" VALUES (200035, 'pasamontanas-balaclava-unisex-moto-bal', 'Pasamontañas Balaclava Unisex', 'Pasamontañas Balaclava Unisex. Referencia de proveedor: MOTO-BAL. Stock total: 4 unidades.', 6.94, 'USD', true, '2026-07-13 18:18:09.693', '2026-07-14 08:54:20.035', false, NULL, true, true, true, 'Pasamontañas', NULL, NULL, NULL, NULL, NULL, NULL, NULL, NULL);
INSERT INTO public."Product" VALUES (200039, 'intercomunicador-con-auriculares-para-casco-moto-int', 'Intercomunicador con Auriculares para Casco', 'Intercomunicador con Auriculares para Casco. Referencia de proveedor: MOTO-INT. Stock total: 4 unidades.', 16.02, 'USD', true, '2026-07-13 18:18:09.693', '2026-07-14 08:54:56.19', false, NULL, true, true, true, 'Intercomunicador', NULL, NULL, NULL, NULL, NULL, NULL, NULL, NULL);
INSERT INTO public."Product" VALUES (200037, 'mangas-protectoras-para-brazos-ciclismo-moto-mangas', 'Mangas Protectoras para Brazos Ciclismo', 'Mangas Protectoras para Brazos Ciclismo. Referencia de proveedor: MOTO-MANGAS. Stock total: 5 unidades.', 6.98, 'USD', true, '2026-07-13 18:18:09.693', '2026-07-14 08:55:25.115', false, NULL, true, true, true, 'Mangas protectoras', NULL, NULL, NULL, NULL, NULL, NULL, NULL, NULL);
INSERT INTO public."Product" VALUES (200029, 'lentes-para-caballero-l-cab', 'Lentes para Caballero', 'Lentes para Caballero. Referencia de proveedor: L-10/L-20/LM-25-cab. Stock total: 12 unidades.', 11.85, 'USD', true, '2026-07-13 18:18:09.693', '2026-07-17 03:27:31.953', true, 6, true, true, true, 'Lentes de moda', NULL, NULL, NULL, NULL, NULL, NULL, NULL, NULL);
INSERT INTO public."Product" VALUES (200036, 'protector-de-zapato-para-palanca-moto-prot-zap', 'Protector de Zapato para Palanca', 'Protector de Zapato para Palanca. Referencia de proveedor: MOTO-PROT-ZAP. Stock total: 4 unidades.', 7.73, 'USD', true, '2026-07-13 18:18:09.693', '2026-07-14 09:07:10.956', false, NULL, true, true, true, 'Protector para calzado', NULL, NULL, NULL, NULL, NULL, NULL, NULL, NULL);
INSERT INTO public."Product" VALUES (200041, 'maquina-de-afeitar-azul-cp-afeit-az', 'Máquina de Afeitar Azul', 'Máquina de Afeitar Azul. Referencia de proveedor: CP-AFEIT-AZ. Stock total: 4 unidades.', 9.70, 'USD', true, '2026-07-13 18:18:09.693', '2026-07-16 13:50:22.786', false, NULL, true, true, true, 'Máquina de afeitar', NULL, NULL, NULL, NULL, NULL, NULL, NULL, NULL);
INSERT INTO public."Product" VALUES (200042, 'maquina-de-afeitar-dorada-cp-afeit-do', 'Máquina de Afeitar Dorada', 'Máquina de Afeitar Dorada. Referencia de proveedor: CP-AFEIT-DO. Stock total: 4 unidades.', 10.08, 'USD', true, '2026-07-13 18:18:09.693', '2026-07-16 13:51:17.026', false, NULL, true, true, true, 'Máquina de afeitar', NULL, NULL, NULL, NULL, NULL, NULL, NULL, NULL);
INSERT INTO public."Product" VALUES (200043, 'encendedor-para-estufa-de-gas-hog-enc-gas', 'Encendedor para Estufa de Gas', 'Encendedor para Estufa de Gas. Referencia de proveedor: HOG-ENC-GAS. Stock total: 4 unidades.', 4.57, 'USD', true, '2026-07-13 18:18:09.693', '2026-07-17 14:26:02.59', false, NULL, true, true, true, 'Encendedor para estufa', NULL, NULL, NULL, NULL, NULL, NULL, NULL, NULL);
INSERT INTO public."Product" VALUES (220127, 'gorra-hat', 'Gorra Humans - vt', 'Gorra Humans vino tinto', 15.00, 'USD', false, '2026-07-14 20:26:04.397', '2026-07-16 01:01:19.426', false, NULL, true, false, false, 'Reloj', NULL, NULL, NULL, NULL, NULL, NULL, '2026-07-16 01:01:19.425', 'cmrk5c2ul00002k2j5ltiu9jh');
INSERT INTO public."Product" VALUES (200034, 'billetera-billetera', 'Billetera', 'Billetera. Referencia de proveedor: BILLETERA. Stock total: 6 unidades.', 8.76, 'USD', true, '2026-07-13 18:18:09.693', '2026-07-16 01:36:48.278', false, NULL, true, true, true, 'Billetera', NULL, NULL, NULL, NULL, NULL, NULL, NULL, NULL);
INSERT INTO public."Product" VALUES (200040, 'camara-de-seguridad-360-tipo-bombillo-seg-cam-360', 'Cámara de Seguridad 360 tipo Bombillo', 'Cámara de Seguridad 360 tipo Bombillo. Referencia de proveedor: SEG-CAM-360. Stock total: 4 unidades.', 12.92, 'USD', true, '2026-07-13 18:18:09.693', '2026-07-14 00:50:59.149', false, NULL, true, true, true, 'Cámara 360', NULL, NULL, NULL, NULL, NULL, NULL, NULL, NULL);
INSERT INTO public."Product" VALUES (200033, 'bolso-bandolera-antirrobo-fashion-bol-fash', 'Bolso Bandolera Antirrobo Fashion', 'Bolso Bandolera Antirrobo Fashion. Referencia de proveedor: BOL-FASH. Stock total: 3 unidades.', 10.74, 'USD', true, '2026-07-13 18:18:09.693', '2026-07-14 01:03:21.13', false, NULL, true, true, true, 'Bolso bandolera', NULL, NULL, NULL, NULL, NULL, NULL, NULL, NULL);
INSERT INTO public."Product" VALUES (200038, 'soporte-de-celular-para-moto-con-estuche-moto-sop', 'Soporte de Celular para Moto con Estuche', 'Soporte de Celular para Moto con Estuche. Referencia de proveedor: MOTO-SOP. Stock total: 4 unidades.', 10.49, 'USD', true, '2026-07-13 18:18:09.693', '2026-07-14 01:10:22.97', false, NULL, true, true, true, 'Soporte para celular', NULL, NULL, NULL, NULL, NULL, NULL, NULL, NULL);
INSERT INTO public."Product" VALUES (200032, 'lentes-deportivos-l-dep', 'Lentes Deportivos', 'Lentes Deportivos. Referencia de proveedor: D. Stock total: 11 unidades.', 8.11, 'USD', true, '2026-07-13 18:18:09.693', '2026-07-16 01:53:05.215', true, 13, true, true, true, 'Lentes deportivos', NULL, NULL, NULL, NULL, NULL, NULL, NULL, NULL);
INSERT INTO public."Product" VALUES (200028, 'reloj-curren-8355-cr-8355', 'Reloj Curren 8355', 'Reloj Curren 8355. Referencia de proveedor: 8355. Stock total: 1 unidades.', 52.47, 'USD', true, '2026-07-13 18:18:09.693', '2026-07-16 03:15:44.472', true, 16, true, true, true, 'Reloj', NULL, NULL, NULL, NULL, NULL, NULL, NULL, NULL);
-- Data for Name: ProductImage; Type: TABLE DATA; Schema: public; Owner: -
INSERT INTO public."ProductImage" VALUES ('cmrmuu6o0001m2kw957vq0ngj', 200032, 'https://d139alfkeie86e.cloudfront.net/images/products/2026/07/57225efb-919d-4f32-8d66-ebd62e6b279e.png', 'Deportivos 100% detalles en paticas', 6, false, '2026-07-16 01:53:05.856', '2026-07-16 01:53:05.856', 'images/products/2026/07/57225efb-919d-4f32-8d66-ebd62e6b279e.png', 'image/png', 1254, 1254, 1141807, 'f57f1f6e4a261f3d3ef120388bf11697d6ef8273b885022094c4fcc5a788b998');
INSERT INTO public."ProductImage" VALUES ('cmrmwyw9l002a2kw99vutuard', 200009, 'https://d139alfkeie86e.cloudfront.net/images/products/2026/07/adfd8346-eee1-4c24-b448-f3463b84d7f5.jpg', 'turquesa', 3, false, '2026-07-16 02:52:44.889', '2026-07-16 02:52:44.889', 'images/products/2026/07/adfd8346-eee1-4c24-b448-f3463b84d7f5.jpg', 'image/jpeg', 1054, 1600, 289589, '7154036cc36b6e13a6de9b0a621137455273845df903198274eeea9e11bdbbe4');
INSERT INTO public."ProductImage" VALUES ('cmrmxtlda003u2kw9cyf8hwge', 200025, 'https://d139alfkeie86e.cloudfront.net/images/products/2026/07/612aae49-5753-4cec-b5dd-3fe289e2f06d.png', 'negro plateado', 1, true, '2026-07-16 03:16:37.102', '2026-07-16 03:16:44.938', 'images/products/2026/07/612aae49-5753-4cec-b5dd-3fe289e2f06d.png', 'image/png', 1254, 1254, 2083689, '9e2ef66defe28a96f69d747d60d32025917efee606f1f43f6619d16e8b80548e');
INSERT INTO public."ProductImage" VALUES ('cmrjyd9co001i2kk0vavulbb0', 200028, 'https://d139alfkeie86e.cloudfront.net/images/products/2026/07/727badc4-7561-4488-ad18-582ffb68049c.jpg', 'plateado azul', 0, false, '2026-07-14 01:08:36.12', '2026-07-16 03:15:45.072', 'images/products/2026/07/727badc4-7561-4488-ad18-582ffb68049c.jpg', 'image/jpeg', 1000, 1000, 193692, '7f2035cc4dc929711d21ef8f2a75f255d148d35121db432c91528cda01d4696c');
INSERT INTO public."ProductImage" VALUES ('cmrod6g1d00222ktg0e104b6g', 200000, 'https://d139alfkeie86e.cloudfront.net/images/products/2026/07/bd146c25-e581-46d6-a0d2-7b195590aba0.jpg', 'sola', 1, false, '2026-07-17 03:14:17.137', '2026-07-17 03:14:23.428', 'images/products/2026/07/bd146c25-e581-46d6-a0d2-7b195590aba0.jpg', 'image/jpeg', 853, 1280, 117283, '7fe8c3f142b0975735391fe59043f02c86ff2363b0705c36ca710f12a37a03cb');
INSERT INTO public."ProductImage" VALUES ('cmrmz580i006h2kw9roou7phi', 200001, 'https://d139alfkeie86e.cloudfront.net/images/products/2026/07/2dc89e20-398c-452d-a618-813461ae585b.png', 'back', 1, false, '2026-07-16 03:53:39.282', '2026-07-16 03:53:45.389', 'images/products/2026/07/2dc89e20-398c-452d-a618-813461ae585b.png', 'image/png', 1254, 1254, 2303412, '6a9b2fa0c5eb6a527a25badec1e420b9aaf8e446d7e46c638958545cece69d9f');
INSERT INTO public."ProductImage" VALUES ('cmrk0p5er003s2kk00u10csxm', 200023, 'https://d139alfkeie86e.cloudfront.net/images/products/2026/07/81254156-5c30-4d87-b541-ec7668a4b311.webp', 'cafe oscuro', 0, false, '2026-07-14 02:13:50.115', '2026-07-16 03:22:20.104', 'images/products/2026/07/81254156-5c30-4d87-b541-ec7668a4b311.webp', 'image/webp', 1000, 1000, 130456, '31ea39f5fde20ebd51bd634aa30ef90fdd430552edaa9d83f69a4d9269c5cc96');
INSERT INTO public."ProductImage" VALUES ('cmrjyaye9001c2kk0sjmhr5b5', 200041, 'https://d139alfkeie86e.cloudfront.net/images/products/2026/07/2d91e3e6-eae4-4b60-af01-e7b164dbafe3.webp', 'maquina de afeitar', 0, false, '2026-07-14 01:06:48.61', '2026-07-16 13:50:23.395', 'images/products/2026/07/2d91e3e6-eae4-4b60-af01-e7b164dbafe3.webp', 'image/webp', 1200, 1122, 56412, '307ab56e4c7dbf8e4d1f4fb01c0b17f7caaaff9903b6308c8cf33e85ee8cc601');
INSERT INTO public."ProductImage" VALUES ('cmrk0b5h2003a2kk0u8x5a1e9', 200031, 'https://d139alfkeie86e.cloudfront.net/images/products/2026/07/9866a817-7f83-4f0d-a867-1b6c6415c4df.png', 'unisex', 0, false, '2026-07-14 02:02:57.014', '2026-07-17 03:22:07.539', 'images/products/2026/07/9866a817-7f83-4f0d-a867-1b6c6415c4df.png', 'image/png', 1254, 1254, 1199936, 'a77f151875ef870933d598805747d96b8cffc868b4e1d5f906bceeaeea224fc3');
INSERT INTO public."ProductImage" VALUES ('cmrjxyxk1000u2kk02x1gcadi', 200022, 'https://d139alfkeie86e.cloudfront.net/images/products/2026/07/2f9863b7-b8fb-4739-a29a-a0537129ce7b.jpg', 'current', 0, false, '2026-07-14 00:57:27.649', '2026-07-16 03:23:27.211', 'images/products/2026/07/2f9863b7-b8fb-4739-a29a-a0537129ce7b.jpg', 'image/jpeg', 700, 700, 101822, '3e642f4e01ca65f29b44f56a6c25c9052c7382ce37df8b2413a9812d6e9e7c68');
INSERT INTO public."ProductImage" VALUES ('cmrk0h0v5003g2kk0njh3sds9', 200042, 'https://d139alfkeie86e.cloudfront.net/images/products/2026/07/b859dddf-931d-4b36-bfb4-29310d6ba16d.png', 'dorada', 0, false, '2026-07-14 02:07:30.977', '2026-07-16 13:51:17.547', 'images/products/2026/07/b859dddf-931d-4b36-bfb4-29310d6ba16d.png', 'image/png', 799, 829, 494090, '384beecaa13c070e4f04a1d730c7c6be9eacb75ea5d772470ac88b88e57474ae');
INSERT INTO public."ProductImage" VALUES ('cmrk0al5a00342kk0qijx3rt5', 200030, 'https://d139alfkeie86e.cloudfront.net/images/products/2026/07/0c37adcf-efed-4a3c-a696-7b3b9ad4925e.png', 'dama', 0, true, '2026-07-14 02:02:30.671', '2026-07-17 03:25:21.532', 'images/products/2026/07/0c37adcf-efed-4a3c-a696-7b3b9ad4925e.png', 'image/png', 1254, 1254, 1186347, 'c59b2177dd82eb42ba8b374e199c501b62305cf1f7ab948116fd0adf5ed9cd35');
INSERT INTO public."ProductImage" VALUES ('cmrk0a45l002y2kk0zoajryf3', 200029, 'https://d139alfkeie86e.cloudfront.net/images/products/2026/07/b1078da5-966b-41c1-8766-5bfc836f931f.png', 'caballero', 0, true, '2026-07-14 02:02:08.649', '2026-07-17 03:27:32.568', 'images/products/2026/07/b1078da5-966b-41c1-8766-5bfc836f931f.png', 'image/png', 1254, 1254, 1342636, '641712a124cdc3a4c332c47d912642d7a5200e0a17f08b84b27f1e6995c1b6de');
INSERT INTO public."ProductImage" VALUES ('cmrjxqmnv000c2kk0w9ecqvvc', 200040, 'https://d139alfkeie86e.cloudfront.net/images/products/2026/07/902cba76-f700-4b4b-a9e3-abe6dbd50ccd.png', 'Camara sde seguridad', 0, false, '2026-07-14 00:51:00.283', '2026-07-14 00:51:00.283', 'images/products/2026/07/902cba76-f700-4b4b-a9e3-abe6dbd50ccd.png', 'image/png', 833, 786, 602192, 'c8c0c5783d1739675baa758a6af6c5eec3ae3571fdc9fdaf3040707b50744bb8');
INSERT INTO public."ProductImage" VALUES ('cmrjxvbr4000o2kk0osq6x227', 200003, 'https://d139alfkeie86e.cloudfront.net/images/products/2026/07/b3e72b45-33b8-4c03-8454-e15902d8b3fa.jpg', 'Qatar', 0, false, '2026-07-14 00:54:39.424', '2026-07-14 00:54:39.424', 'images/products/2026/07/b3e72b45-33b8-4c03-8454-e15902d8b3fa.jpg', 'image/jpeg', 1024, 1536, 90809, '7641413a558c77ebce76885697ae4228a2a725cbee3698729dfdc97f266b2f72');
INSERT INTO public."ProductImage" VALUES ('cmrjy46qa00102kk0pg7848rn', 200044, 'https://d139alfkeie86e.cloudfront.net/images/products/2026/07/a3e1c5df-0dfd-4b6f-b724-1310b1a85e6e.webp', 'juan valdez', 0, false, '2026-07-14 01:01:32.819', '2026-07-14 01:01:32.819', 'images/products/2026/07/a3e1c5df-0dfd-4b6f-b724-1310b1a85e6e.webp', 'image/webp', 1000, 1000, 27424, '6902e92b2ebcd87edb27f474fce52dd5e560e28751675db9b81de414c99bac3b');
INSERT INTO public."ProductImage" VALUES ('cmrjy6j3100162kk0tazqt0h4', 200033, 'https://d139alfkeie86e.cloudfront.net/images/products/2026/07/50dc31e0-a86f-463f-9209-071bc0eb79eb.png', 'bandolero', 0, false, '2026-07-14 01:03:22.141', '2026-07-14 01:03:22.141', 'images/products/2026/07/50dc31e0-a86f-463f-9209-071bc0eb79eb.png', 'image/png', 827, 827, 569624, 'ac99d2f70abda7a6713730f8524428a58cfabe582de237f20fb507dd28dde7c7');
INSERT INTO public."ProductImage" VALUES ('cmrjyfkrj001o2kk0p9i6gis9', 200038, 'https://d139alfkeie86e.cloudfront.net/images/products/2026/07/b7787b01-9545-46c2-8dcf-6b39a4003fbd.webp', 'soporte moto', 0, false, '2026-07-14 01:10:24.223', '2026-07-14 01:10:24.223', 'images/products/2026/07/b7787b01-9545-46c2-8dcf-6b39a4003fbd.webp', 'image/webp', 1038, 1200, 51604, 'b953f86b00734cdec2c0a38e0948f91aea8ad5c94213bb18ae9bea3e1fb79d3b');
INSERT INTO public."ProductImage" VALUES ('cmrjzgtnv00202kk0gypzwrhd', 200045, 'https://d139alfkeie86e.cloudfront.net/images/products/2026/07/e172fd5d-5ad2-49fc-b2a7-91c7d2992140.webp', 'tostao', 0, false, '2026-07-14 01:39:22.028', '2026-07-14 01:39:22.028', 'images/products/2026/07/e172fd5d-5ad2-49fc-b2a7-91c7d2992140.webp', 'image/webp', 1000, 1000, 36400, 'dd676f38670d9d46fc774fb8bf1e3360e9dad55b451e4f6dbb9719970a46bcc8');
INSERT INTO public."ProductImage" VALUES ('cmrjzrhg000262kk0fm684n5m', 200002, 'https://d139alfkeie86e.cloudfront.net/images/products/2026/07/ab7b04cf-7ab1-4c7d-acc5-7a101cc2de68.jpg', 'elite', 0, false, '2026-07-14 01:47:39.408', '2026-07-14 01:47:39.408', 'images/products/2026/07/ab7b04cf-7ab1-4c7d-acc5-7a101cc2de68.jpg', 'image/jpeg', 1024, 1536, 141222, 'fea47e55b3d6a17862a86060a822b7e3ee10e170d5005b57785df7d2269361e0');
INSERT INTO public."ProductImage" VALUES ('cmrkeusjk000h2k8nbzbnam2z', 200032, 'https://d139alfkeie86e.cloudfront.net/images/products/2026/07/0e629cce-20d0-4883-b78f-d924da5b57bb.png', 'deportivos', 0, true, '2026-07-14 08:50:08', '2026-07-16 01:53:06.039', 'images/products/2026/07/0e629cce-20d0-4883-b78f-d924da5b57bb.png', 'image/png', 1254, 1254, 1514913, '52ba62ec434dc56c4206d39b122d2602a9a7cbb22252c8be87adf1a9734ec893');
INSERT INTO public."ProductImage" VALUES ('cmrmz4uru006b2kw9d3w3qtrj', 200001, 'https://d139alfkeie86e.cloudfront.net/images/products/2026/07/8bce9bba-7279-4ae3-a9d9-49eb8c23e847.png', 'front', 0, true, '2026-07-16 03:53:22.122', '2026-07-16 03:53:45.153', 'images/products/2026/07/8bce9bba-7279-4ae3-a9d9-49eb8c23e847.png', 'image/png', 1254, 1254, 2364218, '240390b16ff0346b4b50d0c5bb0d2b69bdd5444e8113e9732e4d65c5bfb30733');
INSERT INTO public."ProductImage" VALUES ('cmrk0ieu0003m2kk0dgdhgeaf', 200025, 'https://d139alfkeie86e.cloudfront.net/images/products/2026/07/dd8312c5-db23-4a66-b81d-f8add63df1b7.jpg', 'plateado', 0, false, '2026-07-14 02:08:35.736', '2026-07-16 03:16:44.745', 'images/products/2026/07/dd8312c5-db23-4a66-b81d-f8add63df1b7.jpg', 'image/jpeg', 1000, 1000, 127669, '3abfea089f601a5169a8927f28caf7127e144127d1dc86e593ff47087a0f0843');
INSERT INTO public."ProductImage" VALUES ('cmrnkhlyr000d2kgu2wvq7p8c', 200042, 'https://d139alfkeie86e.cloudfront.net/images/products/2026/07/80e449a6-a39b-4aeb-92b0-5c55f6d261ea.png', 'dorada', 1, true, '2026-07-16 13:51:09.171', '2026-07-16 13:51:17.742', 'images/products/2026/07/80e449a6-a39b-4aeb-92b0-5c55f6d261ea.png', 'image/png', 1086, 1448, 2752884, '23eb3fd870c1f0de14bcb949e472da7847adaabf4b04aec4ffb408fc51b74d07');
INSERT INTO public."ProductImage" VALUES ('cmrk0r68f003y2kk0qzcocahb', 200024, 'https://d139alfkeie86e.cloudfront.net/images/products/2026/07/6b9eaba8-3449-44be-96a8-4d7bdc7286cc.jpg', 'naranja', 0, false, '2026-07-14 02:15:24.495', '2026-07-16 03:17:37.794', 'images/products/2026/07/6b9eaba8-3449-44be-96a8-4d7bdc7286cc.jpg', 'image/jpeg', 3024, 4032, 1768643, '8c70db5791438ea24891451825df9ef9f19b35aade9016626c34fa531885fdd8');
INSERT INTO public."ProductImage" VALUES ('cmrkf07qr000n2k8nukyb3xql', 200035, 'https://d139alfkeie86e.cloudfront.net/images/products/2026/07/27d20db6-7aa2-4047-890a-962ccc5b9165.png', 'pasamontna - moto', 0, false, '2026-07-14 08:54:20.98', '2026-07-14 08:54:20.98', 'images/products/2026/07/27d20db6-7aa2-4047-890a-962ccc5b9165.png', 'image/png', 864, 818, 250373, 'b7c90c2a351d3453adbe1c9bd2b9d0df91c70e6ae3f5c49f1d5ee574e2bef088');
INSERT INTO public."ProductImage" VALUES ('cmrkf0zla000t2k8nxlmk0qja', 200039, 'https://d139alfkeie86e.cloudfront.net/images/products/2026/07/012cd1bd-9ae8-43db-a475-a53843b767dc.png', 'intercomunicador. para casco', 0, false, '2026-07-14 08:54:57.071', '2026-07-14 08:54:57.071', 'images/products/2026/07/012cd1bd-9ae8-43db-a475-a53843b767dc.png', 'image/png', 855, 825, 334979, '6fb9871e10028f9fd15e2dc01dc317059e169bd47c04e1628a77f18767196f01');
INSERT INTO public."ProductImage" VALUES ('cmrkf1lmt000z2k8nrhm5yq6d', 200037, 'https://d139alfkeie86e.cloudfront.net/images/products/2026/07/d0121972-79a7-4fce-9343-0da3a559d321.png', 'mangas', 0, false, '2026-07-14 08:55:25.637', '2026-07-14 08:55:25.637', 'images/products/2026/07/d0121972-79a7-4fce-9343-0da3a559d321.png', 'image/png', 857, 819, 359020, '102c90950cc4bed861defcf48f48e4ef7612eec74333c11f1223247ebf71e271');
INSERT INTO public."ProductImage" VALUES ('cmrkf47k700152k8nvu7x4h51', 200046, 'https://d139alfkeie86e.cloudfront.net/images/products/2026/07/d7502272-4e1e-4a25-b48a-99fc34da7328.jpg', 'colcafe', 0, false, '2026-07-14 08:57:27.367', '2026-07-14 08:57:27.367', 'images/products/2026/07/d7502272-4e1e-4a25-b48a-99fc34da7328.jpg', 'image/jpeg', 447, 447, 38546, '91983dba64c90eeb330ef6090e314938e01c07d226b11f933cdd6a6e7511f0af');
INSERT INTO public."ProductImage" VALUES ('cmrkfgqnh001f2k8n71ecv4xs', 200036, 'https://d139alfkeie86e.cloudfront.net/images/products/2026/07/be7ccf99-fa9b-4718-913c-8cac18d9753c.png', 'protector zapato', 0, false, '2026-07-14 09:07:11.981', '2026-07-14 09:07:11.981', 'images/products/2026/07/be7ccf99-fa9b-4718-913c-8cac18d9753c.png', 'image/png', 715, 803, 730530, '4c8a5d6887a0d8b6df41b3309a9210b11723e8e3305e16676f48997e08efcb20');
INSERT INTO public."ProductImage" VALUES ('cmrkpzkid00042k6pki56j5lo', 220125, 'https://d139alfkeie86e.cloudfront.net/images/products/2026/07/87963593-4af5-4048-b50e-6258a699efd1.png', 'combo cafetero', 0, false, '2026-07-14 14:01:46.645', '2026-07-14 14:01:46.645', 'images/products/2026/07/87963593-4af5-4048-b50e-6258a699efd1.png', 'image/png', 1254, 1254, 3063667, '10966fea503079e6152be9e430edf980f9fc5a8118906b8b3e298ca1f8c76d84');
INSERT INTO public."ProductImage" VALUES ('cmrkrwn72000f2k6pyk75j931', 220126, 'https://d139alfkeie86e.cloudfront.net/images/products/2026/07/65debd86-9500-41c5-8040-d56ecdc3d578.png', 'Splashes caballero - Mandoquita', 0, false, '2026-07-14 14:55:29.391', '2026-07-14 20:20:24.235', 'images/products/2026/07/65debd86-9500-41c5-8040-d56ecdc3d578.png', 'image/png', 1254, 1254, 1955136, '9b25053b95fdc4990d1a252da320a963301a47574510daab4c4ecf3402418c1f');
INSERT INTO public."ProductImage" VALUES ('cmrl3rcma000t2k6pqbs57o1p', 220127, 'https://d139alfkeie86e.cloudfront.net/images/products/2026/07/4044aad0-4099-41b1-b3dc-1807f9a4be6a.png', 'Gorra vinotinto - Mandoquita', 0, false, '2026-07-14 20:27:17.794', '2026-07-14 20:27:17.794', 'images/products/2026/07/4044aad0-4099-41b1-b3dc-1807f9a4be6a.png', 'image/png', 1254, 1254, 2424169, '702c3e17a2d5b5ec05f5448507dab0f6ed2a2e0801de846363fef0c8fe53e62a');
INSERT INTO public."ProductImage" VALUES ('cmrl46b3l00112k6p0rk3ai6v', 220129, 'https://d139alfkeie86e.cloudfront.net/images/products/2026/07/5a5ed986-4bbc-4879-9e5b-fb9da70e5b64.png', 'Gorra amarilla - Mandoquita', 0, false, '2026-07-14 20:38:55.665', '2026-07-14 20:38:55.665', 'images/products/2026/07/5a5ed986-4bbc-4879-9e5b-fb9da70e5b64.png', 'image/png', 1254, 1254, 2094167, '91bb969d434820ce45db09dba63a0e38eb2d60d83a1877d9aa235d17c4e5b52d');
INSERT INTO public."ProductImage" VALUES ('cmrmwxzri00242kw98ed5fe34', 200009, 'https://d139alfkeie86e.cloudfront.net/images/products/2026/07/1d5f9ae8-2285-4414-a3e5-50d5a0211bba.jpg', 'marron', 2, false, '2026-07-16 02:52:02.766', '2026-07-16 02:52:45.214', 'images/products/2026/07/1d5f9ae8-2285-4414-a3e5-50d5a0211bba.jpg', 'image/jpeg', 1030, 1600, 276152, 'd09fd7d95dffd363ef3bdfa0ce845d3533707ea699d185f81da53ec11c2961d4');
INSERT INTO public."ProductImage" VALUES ('cmrmxwk3l004i2kw92d3o606o', 200027, 'https://d139alfkeie86e.cloudfront.net/images/products/2026/07/5ed1d683-fc92-4462-b124-da9f2bf48af8.png', 'plateado', 1, true, '2026-07-16 03:18:55.425', '2026-07-16 03:19:02.443', 'images/products/2026/07/5ed1d683-fc92-4462-b124-da9f2bf48af8.png', 'image/png', 1254, 1254, 1969710, '495d75ee7c74eaa57005afd039ee9d4d95d01a124b17534786936303ca273920');
INSERT INTO public."ProductImage" VALUES ('cmrkeskbc000b2k8nzso7gvnb', 200026, 'https://d139alfkeie86e.cloudfront.net/images/products/2026/07/736eaa6b-d9a7-46ae-84ba-29d21bf68744.jpg', 'relog dama dorado curren', 0, false, '2026-07-14 08:48:24.024', '2026-07-16 03:24:42.808', 'images/products/2026/07/736eaa6b-d9a7-46ae-84ba-29d21bf68744.jpg', 'image/jpeg', 347, 347, 28523, '345381b22681e45aad5bff1d44e0a6ec2d65549d4ca7f783a70880ca8d4734fd');
INSERT INTO public."ProductImage" VALUES ('cmrl48ih700172k6pak8yhz2n', 220128, 'https://d139alfkeie86e.cloudfront.net/images/products/2026/07/638c0923-9c44-4216-a0c8-e728cad2ed96.png', 'gorra humans negra - mandoquita', 0, false, '2026-07-14 20:40:38.54', '2026-07-16 01:04:46.314', 'images/products/2026/07/638c0923-9c44-4216-a0c8-e728cad2ed96.png', 'image/png', 1254, 1254, 1968124, 'd0831cde60d08e1024d088e42d0490ace1c52c5afdf410dc837cbb115e825337');
INSERT INTO public."ProductImage" VALUES ('cmrmt1k7900052kw9hbgavcdu', 220128, 'https://d139alfkeie86e.cloudfront.net/images/products/2026/07/b4e67508-ad4b-4208-ae87-2e65acb690c9.png', 'Gorra Humans - vinotinto', 1, false, '2026-07-16 01:02:50.757', '2026-07-16 01:04:46.405', 'images/products/2026/07/b4e67508-ad4b-4208-ae87-2e65acb690c9.png', 'image/png', 1254, 1254, 2424169, '702c3e17a2d5b5ec05f5448507dab0f6ed2a2e0801de846363fef0c8fe53e62a');
INSERT INTO public."ProductImage" VALUES ('cmrjxihxr00062kk0fgp1mfzj', 200034, 'https://d139alfkeie86e.cloudfront.net/images/products/2026/07/7affbe6e-1521-4a00-a401-0c827ae6558f.png', 'Billetera Caballero - mandoquita', 0, false, '2026-07-14 00:44:40.911', '2026-07-16 01:36:49.345', 'images/products/2026/07/7affbe6e-1521-4a00-a401-0c827ae6558f.png', 'image/png', 1024, 1024, 1451561, 'fc5ee2ec167c14c4331b050317fedee2fd038b2c7bf091d327d26ec4fc4da713');
INSERT INTO public."ProductImage" VALUES ('cmrjxs2t1000i2kk0ghtf0ytm', 200000, 'https://d139alfkeie86e.cloudfront.net/images/products/2026/07/a1b8b7c3-e686-4993-9442-418af3c79726.jpg', 'ACID WASH', 0, true, '2026-07-14 00:52:07.861', '2026-07-17 03:14:23.229', 'images/products/2026/07/a1b8b7c3-e686-4993-9442-418af3c79726.jpg', 'image/jpeg', 1024, 1536, 163790, '6d8b9bade2291493dddd1bf64553bf8cb251b223766c531f21a999f21d4ebb6f');
INSERT INTO public."ProductImage" VALUES ('cmrmt418z000h2kw93cnpyrni', 220128, 'https://d139alfkeie86e.cloudfront.net/images/products/2026/07/85ce4b56-386b-4f20-aaa8-35cafba04e66.png', 'Gorrra humans Amarilla y blanco', 3, false, '2026-07-16 01:04:46.163', '2026-07-16 01:04:46.163', 'images/products/2026/07/85ce4b56-386b-4f20-aaa8-35cafba04e66.png', 'image/png', 1254, 1254, 2094167, '91bb969d434820ce45db09dba63a0e38eb2d60d83a1877d9aa235d17c4e5b52d');
INSERT INTO public."ProductImage" VALUES ('cmrmt2a0l000b2kw9ujg8vd9c', 220128, 'https://d139alfkeie86e.cloudfront.net/images/products/2026/07/15183187-c6d3-4afb-a044-4439848f31e5.png', 'Gorra Humas vino tinto y negro', 2, false, '2026-07-16 01:03:24.213', '2026-07-16 01:04:46.497', 'images/products/2026/07/15183187-c6d3-4afb-a044-4439848f31e5.png', 'image/png', 1254, 1254, 2151558, '48b54a522fdb8a4963c2da6b7ba56c0d284d8bfbe4b317f04b9c2a3469fe66d5');
INSERT INTO public."ProductImage" VALUES ('cmrmxurs100422kw9cu5heo8d', 200024, 'https://d139alfkeie86e.cloudfront.net/images/products/2026/07/d9606261-6dc5-4416-8924-36afd57191b3.png', 'naranja', 1, true, '2026-07-16 03:17:32.065', '2026-07-16 03:17:37.887', 'images/products/2026/07/d9606261-6dc5-4416-8924-36afd57191b3.png', 'image/png', 1254, 1254, 2009998, '23a436b85cefedf73dac3fc492eed09f096773171e1f55cff4c5484c020640f0');
INSERT INTO public."ProductImage" VALUES ('cmrkermxm00052k8n2zskpxa6', 200027, 'https://d139alfkeie86e.cloudfront.net/images/products/2026/07/8e3cbdda-0a00-4ed7-aa1e-ba7fceeb96e4.jpg', 'relog dama curren', 0, false, '2026-07-14 08:47:40.763', '2026-07-16 03:19:02.215', 'images/products/2026/07/8e3cbdda-0a00-4ed7-aa1e-ba7fceeb96e4.jpg', 'image/jpeg', 1000, 1000, 57927, '785ae857ad41fcb0ec5e8780ac5c2d3717e4b9048347dee63556f9464852d632');
INSERT INTO public."ProductImage" VALUES ('cmrmt7js9000n2kw9g75zioyn', 200032, 'https://d139alfkeie86e.cloudfront.net/images/products/2026/07/fd264048-347c-4d8e-818a-0a3bbec7d85e.png', 'lentes deportivos todos negro', 1, false, '2026-07-16 01:07:30.153', '2026-07-16 01:53:06.147', 'images/products/2026/07/fd264048-347c-4d8e-818a-0a3bbec7d85e.png', 'image/png', 1254, 1254, 1282490, '951a3a0f4a6773d578757c2cbe12e48c867e2e85ca71180dec8985d29cc46f52');
INSERT INTO public."ProductImage" VALUES ('cmrmujdf5000w2kw9llogmy1h', 200032, 'https://d139alfkeie86e.cloudfront.net/images/products/2026/07/e3d4b82a-24e1-45d6-b0cc-72c3ca1e7d4c.png', 'lentes deportivos - azul', 2, false, '2026-07-16 01:44:41.394', '2026-07-16 01:53:06.254', 'images/products/2026/07/e3d4b82a-24e1-45d6-b0cc-72c3ca1e7d4c.png', 'image/png', 1254, 1254, 1499865, 'fe10111712d9b5a158ae035053dc8d8ce853940b29e685d2ea318fce3794033c');
INSERT INTO public."ProductImage" VALUES ('cmrmupkqm00142kw904tbq4uh', 200032, 'https://d139alfkeie86e.cloudfront.net/images/products/2026/07/02f9dce6-8973-43bd-a5d9-79402b3a6857.png', 'lentes deportivos negro y gris', 3, false, '2026-07-16 01:49:30.814', '2026-07-16 01:53:06.368', 'images/products/2026/07/02f9dce6-8973-43bd-a5d9-79402b3a6857.png', 'image/png', 1254, 1254, 1283128, 'a74635a6e14f62086d504fa9aaeba85a7114853355c047b6b086bc2ecc3e6d41');
INSERT INTO public."ProductImage" VALUES ('cmrmurbgh001a2kw9lwq82b3x', 200032, 'https://d139alfkeie86e.cloudfront.net/images/products/2026/07/3d30fd5e-3d86-4dce-a6bf-4bb2bb02044c.png', 'lentes deportivos dorados - 100%', 4, false, '2026-07-16 01:50:52.097', '2026-07-16 01:53:06.562', 'images/products/2026/07/3d30fd5e-3d86-4dce-a6bf-4bb2bb02044c.png', 'image/png', 1254, 1254, 1453513, '08d8f8c86d21c38b212431697faffc17c38fafb03c307385e668222e3c639a7e');
INSERT INTO public."ProductImage" VALUES ('cmrmusv5k001g2kw9vrs2oi17', 200032, 'https://d139alfkeie86e.cloudfront.net/images/products/2026/07/9b78d2aa-927e-4635-a5b0-5d5fd2c3f1a2.png', 'Deportivos simple 100%', 5, false, '2026-07-16 01:52:04.28', '2026-07-16 01:53:06.678', 'images/products/2026/07/9b78d2aa-927e-4635-a5b0-5d5fd2c3f1a2.png', 'image/png', 1254, 1254, 1348797, 'd1bc12b4ceea0155a02b85ec3fa4d65e0cc13775164dd78057ff5b67b3b8ef93');
INSERT INTO public."ProductImage" VALUES ('cmrmy26df004y2kw993w89ppt', 200022, 'https://d139alfkeie86e.cloudfront.net/images/products/2026/07/7ec50606-d436-4607-84c0-20ff027c2f58.png', 'negro marron - foto  organica', 1, true, '2026-07-16 03:23:17.571', '2026-07-16 03:23:27.401', 'images/products/2026/07/7ec50606-d436-4607-84c0-20ff027c2f58.png', 'image/png', 1254, 1254, 2106626, '6c04f12cf188f111d3c4dfa0649df4f9039fac41a349d26953392a656c057ce8');
INSERT INTO public."ProductImage" VALUES ('cmrjzxwbq002i2kk0loxze6qt', 200009, 'https://d139alfkeie86e.cloudfront.net/images/products/2026/07/5bd59c82-6dd4-49f1-8d90-0cccbbaa3073.jpg', 'pantalon camisa', 0, true, '2026-07-14 01:52:38.631', '2026-07-16 02:52:44.996', 'images/products/2026/07/5bd59c82-6dd4-49f1-8d90-0cccbbaa3073.jpg', 'image/jpeg', 1060, 1600, 269253, '7b112bf630f515ae90e28a5a6fc229cee9ee775a778f0ed1bb71f73117f23037');
INSERT INTO public."ProductImage" VALUES ('cmrmwx9jc001y2kw9tt7wimyu', 200009, 'https://d139alfkeie86e.cloudfront.net/images/products/2026/07/5cf92ac2-af3c-4a2c-8806-8371cde151e3.jpg', 'conjunto-negro', 1, false, '2026-07-16 02:51:28.776', '2026-07-16 02:52:45.109', 'images/products/2026/07/5cf92ac2-af3c-4a2c-8806-8371cde151e3.jpg', 'image/jpeg', 1048, 1600, 279909, 'ba78ad8c9e69b86af1ff96fc889279e0c002dc73470ceee0dfe6d78de4253547');
INSERT INTO public."ProductImage" VALUES ('cmrmzb1z6006p2kw9xjzjsazd', 200005, 'https://d139alfkeie86e.cloudfront.net/images/products/2026/07/9271febd-cf71-4bdf-b544-bc4cf45a5540.png', 'front', 0, true, '2026-07-16 03:58:11.394', '2026-07-16 03:58:36.551', 'images/products/2026/07/9271febd-cf71-4bdf-b544-bc4cf45a5540.png', 'image/png', 1254, 1254, 2599802, '18385193a2d1294372e3f3adc1ea8b08bd0b254655dd35392a8afccb7bb6d948');
INSERT INTO public."ProductImage" VALUES ('cmrmzbggw006v2kw9bf3hx73t', 200005, 'https://d139alfkeie86e.cloudfront.net/images/products/2026/07/44442b9a-af03-44fe-882e-2efd86cec76d.png', 'back', 1, false, '2026-07-16 03:58:30.176', '2026-07-16 03:58:36.741', 'images/products/2026/07/44442b9a-af03-44fe-882e-2efd86cec76d.png', 'image/png', 1086, 1448, 2650765, '5e3893875fdaf0c196200baa3cf0c7ed6b3ed65fadaa9a67ac7c78e9fda51c15');
INSERT INTO public."ProductImage" VALUES ('cmrodlz1900322ktg2gtkzjmn', 200029, 'https://d139alfkeie86e.cloudfront.net/images/products/2026/07/28e1b6e9-d60b-4d37-af37-4979da8ce4e3.png', 'negros 2', 2, false, '2026-07-17 03:26:21.597', '2026-07-17 03:27:32.947', 'images/products/2026/07/28e1b6e9-d60b-4d37-af37-4979da8ce4e3.png', 'image/png', 1254, 1254, 1237907, '4b5551cb5caaf85c51d0493bd9044466f8b3727dd5329c7a31b5646b439f096c');
INSERT INTO public."ProductImage" VALUES ('cmroclcjn00052ktgnmsxvsvz', 200019, 'https://d139alfkeie86e.cloudfront.net/images/products/2026/07/d46a7c8b-4b01-46e8-8eae-eade318c177e.png', 'marron', 0, true, '2026-07-17 02:57:52.835', '2026-07-17 02:59:06.24', 'images/products/2026/07/d46a7c8b-4b01-46e8-8eae-eade318c177e.png', 'image/png', 1254, 1254, 1866111, 'fc9e188fc9974cbdab47227373ce8c79be885186281a3dca55865ad83d788d1a');
INSERT INTO public."ProductImage" VALUES ('cmrmyomyl005f2kw9fhr1rido', 220130, 'https://d139alfkeie86e.cloudfront.net/images/products/2026/07/be017a0d-8f86-4680-83e2-4d5cdbea5e27.png', 'marron-cafe', 0, true, '2026-07-16 03:40:45.501', '2026-07-16 03:42:45.991', 'images/products/2026/07/be017a0d-8f86-4680-83e2-4d5cdbea5e27.png', 'image/png', 1023, 1537, 2416666, '6608f4c2cf76c6dce402c790cf8f74bca04bb73e3e9e04a89af3d254b98e5073');
INSERT INTO public."ProductImage" VALUES ('cmrmyp3yt005l2kw9ploydpsw', 220130, 'https://d139alfkeie86e.cloudfront.net/images/products/2026/07/d8d342d9-e4dc-40fc-b11e-f37c9a1a0907.png', 'roja-pescado', 1, false, '2026-07-16 03:41:07.541', '2026-07-16 03:42:46.198', 'images/products/2026/07/d8d342d9-e4dc-40fc-b11e-f37c9a1a0907.png', 'image/png', 1023, 1537, 2513665, '18045959459bb9f57119b36acde3231748f99b42726c75906178078ff3b9434d');
INSERT INTO public."ProductImage" VALUES ('cmrmypjfj005r2kw9pfjm2cwj', 220130, 'https://d139alfkeie86e.cloudfront.net/images/products/2026/07/a24b6d03-8a6e-4e30-9031-b3ad86a28231.png', 'arena-rey', 2, false, '2026-07-16 03:41:27.583', '2026-07-16 03:42:46.291', 'images/products/2026/07/a24b6d03-8a6e-4e30-9031-b3ad86a28231.png', 'image/png', 1254, 1254, 2844200, '41525535095271132b30e815ebfc80246d5d14c38e9f9ff555d8444e3609c89c');
INSERT INTO public."ProductImage" VALUES ('cmrnkgib500052kgupy0ayzu6', 200041, 'https://d139alfkeie86e.cloudfront.net/images/products/2026/07/33307efe-5fe1-479f-b849-564360c379bd.png', 'foto organica', 1, true, '2026-07-16 13:50:17.777', '2026-07-16 13:50:23.656', 'images/products/2026/07/33307efe-5fe1-479f-b849-564360c379bd.png', 'image/png', 1086, 1448, 2872701, '5d5df9ca3470319293df3fce5392d9fa88d9f045a7e7b5080eba5bb937b84271');
INSERT INTO public."ProductImage" VALUES ('cmrocmrxw000b2ktgfz852j23', 200019, 'https://d139alfkeie86e.cloudfront.net/images/products/2026/07/e79a9473-e617-41cc-acbd-8095049a19e1.png', 'blanca', 1, false, '2026-07-17 02:58:59.444', '2026-07-17 02:59:06.447', 'images/products/2026/07/e79a9473-e617-41cc-acbd-8095049a19e1.png', 'image/png', 1254, 1254, 2214068, 'cdd5f551c04864f3d130fd902dcbe5c948a05b2a90dbd468e90bb4fe043e353d');
INSERT INTO public."ProductImage" VALUES ('cmrjyjwwo001u2kk0poljtqyp', 200021, 'https://d139alfkeie86e.cloudfront.net/images/products/2026/07/2aeb729a-dc96-4d48-a149-7465dd39e1ed.webp', 'relog mujer rosa', 0, false, '2026-07-14 01:13:46.584', '2026-07-16 03:18:19.727', 'images/products/2026/07/2aeb729a-dc96-4d48-a149-7465dd39e1ed.webp', 'image/webp', 500, 500, 42926, 'e104a43a2a949d8862b2d97776d689aae8ad3742a3b6dbfc72e85e3ec0dbe643');
INSERT INTO public."ProductImage" VALUES ('cmrmxvne5004a2kw9jg5m8py7', 200021, 'https://d139alfkeie86e.cloudfront.net/images/products/2026/07/944e6b59-0580-4814-b411-45479006b7e1.png', 'rosa', 1, true, '2026-07-16 03:18:13.037', '2026-07-16 03:18:19.974', 'images/products/2026/07/944e6b59-0580-4814-b411-45479006b7e1.png', 'image/png', 1254, 1254, 2118516, 'c564762810ed35a0df20e1bcd0c598c9a8f6b01883b4cb41e9d5131df760ae54');
INSERT INTO public."ProductImage" VALUES ('cmroddj03002a2ktgvxt17tb5', 200031, 'https://d139alfkeie86e.cloudfront.net/images/products/2026/07/b326048a-7d44-4960-9b97-28fa34e85f72.png', 'blanco', 1, true, '2026-07-17 03:19:47.571', '2026-07-17 03:22:07.737', 'images/products/2026/07/b326048a-7d44-4960-9b97-28fa34e85f72.png', 'image/png', 1254, 1254, 1188242, 'e465e8b8b936d4076f0fcc82848ea0260a1cbe180e00d07ad631ce3d83ef3f46');
INSERT INTO public."ProductImage" VALUES ('cmrmx1ema002o2kw9us6wrel0', 200007, 'https://d139alfkeie86e.cloudfront.net/images/products/2026/07/1d00be54-1c7a-4515-90d7-afa2959c5037.jpg', 'palido', 2, false, '2026-07-16 02:54:41.986', '2026-07-16 02:54:41.986', 'images/products/2026/07/1d00be54-1c7a-4515-90d7-afa2959c5037.jpg', 'image/jpeg', 1135, 1600, 265173, '2a509592ee66869ec36a26c79cf7b92dbd103e12bb8956f44edc357546290076');
INSERT INTO public."ProductImage" VALUES ('cmrjzytdm002o2kk0mhapgb1z', 200007, 'https://d139alfkeie86e.cloudfront.net/images/products/2026/07/ba4897cc-c6c3-40d2-b51d-4088c0fa7d28.jpg', 'bermuda', 0, true, '2026-07-14 01:53:21.466', '2026-07-16 02:54:42.089', 'images/products/2026/07/ba4897cc-c6c3-40d2-b51d-4088c0fa7d28.jpg', 'image/jpeg', 1077, 1600, 289571, 'c909d061f3df048174d6a94f869cdfb2355972421f391f59116124764020f9b9');
INSERT INTO public."ProductImage" VALUES ('cmrmx0plx002i2kw959q583jh', 200007, 'https://d139alfkeie86e.cloudfront.net/images/products/2026/07/e0c634b7-1835-4ca6-8a70-5d7d8066ef52.jpg', 'marron', 1, false, '2026-07-16 02:54:09.574', '2026-07-16 02:54:42.183', 'images/products/2026/07/e0c634b7-1835-4ca6-8a70-5d7d8066ef52.jpg', 'image/jpeg', 1094, 1600, 283522, 'cb44a3362899baa82f6b61e01b82ccd791f043fc6b917da767f30aa69272484a');
INSERT INTO public."ProductImage" VALUES ('cmrmy0t90004q2kw9cq9fjfrv', 200023, 'https://d139alfkeie86e.cloudfront.net/images/products/2026/07/572df38e-a8b2-468c-b532-45befba7d1a4.png', 'marron - negro', 1, true, '2026-07-16 03:22:13.908', '2026-07-16 03:22:20.314', 'images/products/2026/07/572df38e-a8b2-468c-b532-45befba7d1a4.png', 'image/png', 1254, 1254, 2014909, 'f53c77a366bd9cffe710a96f49f830bde27e134205a5e6543365232a5ef134c1');
INSERT INTO public."ProductImage" VALUES ('cmrmx5nh3002u2kw9fy2ao4n8', 200008, 'https://d139alfkeie86e.cloudfront.net/images/products/2026/07/15697306-3bd2-4caf-b0cd-342f8bd94686.jpg', 'marron', 0, true, '2026-07-16 02:58:00.087', '2026-07-16 02:58:06.803', 'images/products/2026/07/15697306-3bd2-4caf-b0cd-342f8bd94686.jpg', 'image/jpeg', 590, 1280, 89117, 'c7a388d8101a9f443fa7b5f42b91e17b0579891157ab5d69ece460b127c0b590');
INSERT INTO public."ProductImage" VALUES ('cmrmy3va200562kw9f4435veu', 200026, 'https://d139alfkeie86e.cloudfront.net/images/products/2026/07/7d9e0159-affa-4dbc-94bb-98e8d2162f90.png', 'oro - imitacion', 1, true, '2026-07-16 03:24:36.506', '2026-07-16 03:24:42.995', 'images/products/2026/07/7d9e0159-affa-4dbc-94bb-98e8d2162f90.png', 'image/png', 1055, 1491, 2295800, 'fd79c0b50cdadc95ce6c19846b627352b416cfbdba6ab2805d5bb3a150297cbd');
INSERT INTO public."ProductImage" VALUES ('cmrodljwx002w2ktgz46g2bv1', 200029, 'https://d139alfkeie86e.cloudfront.net/images/products/2026/07/bf12bd31-d1a1-4930-8518-31fe546fa8af.png', 'negros 1', 1, false, '2026-07-17 03:26:02.001', '2026-07-17 03:27:32.852', 'images/products/2026/07/bf12bd31-d1a1-4930-8518-31fe546fa8af.png', 'image/png', 1254, 1254, 1347665, '4340284708f9703eb3aa42421eeb117042758f59879bec46a914c2c6754a50c0');
INSERT INTO public."ProductImage" VALUES ('cmrmyq9jl005x2kw93q54q7qv', 220130, 'https://d139alfkeie86e.cloudfront.net/images/products/2026/07/c9b3bbf3-fd78-471a-b3a4-b9273af5f939.png', 'blanca - calm', 3, false, '2026-07-16 03:42:01.425', '2026-07-16 03:42:46.41', 'images/products/2026/07/c9b3bbf3-fd78-471a-b3a4-b9273af5f939.png', 'image/png', 1254, 1254, 2694796, 'a2386bd7ea0a21948781bc505d7e1d65a3e04bf56d3d9e3e0d90027d30a7837f');
INSERT INTO public."ProductImage" VALUES ('cmrmyr2cf00632kw9j6p5g0yi', 220130, 'https://d139alfkeie86e.cloudfront.net/images/products/2026/07/de4611b5-69a1-4acb-abd5-0393fb17189b.png', 'marron-virgen', 4, false, '2026-07-16 03:42:38.751', '2026-07-16 03:42:46.501', 'images/products/2026/07/de4611b5-69a1-4acb-abd5-0393fb17189b.png', 'image/png', 1254, 1254, 2426318, '3b164f2fc38d405ccae6d6bc676c5eb3a6e1e347897c3c768cab2b0907e72c61');
INSERT INTO public."ProductImage" VALUES ('cmrocnxa2000j2ktgmc3j57u3', 200018, 'https://d139alfkeie86e.cloudfront.net/images/products/2026/07/b9d790b2-19db-4953-a036-c638b04306ae.png', 'negra', 0, true, '2026-07-17 02:59:53.019', '2026-07-17 03:01:30.085', 'images/products/2026/07/b9d790b2-19db-4953-a036-c638b04306ae.png', 'image/png', 1254, 1254, 2023825, '48cd98abc380d497a3dc22b2f689bfa83e3bebf7ba38c92ab0c93e462cd64b74');
INSERT INTO public."ProductImage" VALUES ('cmrmxbs0d003g2kw9h771hewo', 200011, 'https://d139alfkeie86e.cloudfront.net/images/products/2026/07/16a1f281-d955-42cf-b444-c0e890cfcb80.webp', 'rosa', 3, false, '2026-07-16 03:02:45.902', '2026-07-16 03:02:45.902', 'images/products/2026/07/16a1f281-d955-42cf-b444-c0e890cfcb80.webp', 'image/webp', 853, 1280, 61898, '464be070dc7104044fb67e358983fcaa7e130e6da96f8c3b1e44e54ab6bfa164');
INSERT INTO public."ProductImage" VALUES ('cmrjztrab002c2kk0xwabq2ws', 200011, 'https://d139alfkeie86e.cloudfront.net/images/products/2026/07/3825c6c6-28a9-44a2-8863-7df04bd8a005.webp', 'legins', 0, true, '2026-07-14 01:49:25.475', '2026-07-16 03:02:46.016', 'images/products/2026/07/3825c6c6-28a9-44a2-8863-7df04bd8a005.webp', 'image/webp', 843, 1264, 74024, '92d75a5cfbdf1d053ae492f8c428199a5faff4b41dab9ba7a60634e95b5e1f60');
INSERT INTO public."ProductImage" VALUES ('cmrmxb2ld00342kw96t9mjzmw', 200011, 'https://d139alfkeie86e.cloudfront.net/images/products/2026/07/99a66aaf-0407-430a-9232-9820180d2b69.webp', 'verde', 1, false, '2026-07-16 03:02:12.961', '2026-07-16 03:02:46.201', 'images/products/2026/07/99a66aaf-0407-430a-9232-9820180d2b69.webp', 'image/webp', 843, 1264, 105570, '4c188150e51635b7f1d9561f3235e08d3b9e7c3ed48cc1bf42b07875eac415b7');
INSERT INTO public."ProductImage" VALUES ('cmrmxbg6r003a2kw9u7f6inj9', 200011, 'https://d139alfkeie86e.cloudfront.net/images/products/2026/07/2da1c522-af80-4bd2-97cb-7689d3947647.webp', 'palido', 2, false, '2026-07-16 03:02:30.58', '2026-07-16 03:02:46.304', 'images/products/2026/07/2da1c522-af80-4bd2-97cb-7689d3947647.webp', 'image/webp', 980, 1470, 59648, '79dd2264f09f154cbf61044a71211a46e636c9d07e3cdc23d6f8e3013c164b2c');
INSERT INTO public."ProductImage" VALUES ('cmrmxsb99003m2kw9pd1rguwz', 200028, 'https://d139alfkeie86e.cloudfront.net/images/products/2026/07/d488e752-6e22-4035-85bf-c0fe204762c2.png', 'plateado - azul', 1, true, '2026-07-16 03:15:37.342', '2026-07-16 03:15:45.331', 'images/products/2026/07/d488e752-6e22-4035-85bf-c0fe204762c2.png', 'image/png', 1254, 1254, 2260227, '5cf33f0e25ffb8b487fb01ebc78c08db3bd5b0e331acc468d4f9ba13262f1ff9');
INSERT INTO public."ProductImage" VALUES ('cmrocoksn000p2ktgwj6dzy5r', 200018, 'https://d139alfkeie86e.cloudfront.net/images/products/2026/07/84d132c6-14af-459f-926e-0eeeab882c31.png', 'marron', 1, false, '2026-07-17 03:00:23.496', '2026-07-17 03:01:30.325', 'images/products/2026/07/84d132c6-14af-459f-926e-0eeeab882c31.png', 'image/png', 1254, 1254, 1866454, '27b3bc69ee1f48b2e2f01b6b2cf4dad80f4bd597a3bb635444c597705be1b916');
INSERT INTO public."ProductImage" VALUES ('cmrocpmr5000v2ktgdknuzm8r', 200018, 'https://d139alfkeie86e.cloudfront.net/images/products/2026/07/859f5686-b996-4b68-9c34-7a8050da50a4.png', 'marron2', 2, false, '2026-07-17 03:01:12.689', '2026-07-17 03:01:30.422', 'images/products/2026/07/859f5686-b996-4b68-9c34-7a8050da50a4.png', 'image/png', 1254, 1254, 2472851, '1f6c35bf3a994f8120e90fc231270faa6b9a89beada6cbc42b3a733c41f096dd');
INSERT INTO public."ProductImage" VALUES ('cmrocqsks00132ktgetcwd6fi', 200020, 'https://d139alfkeie86e.cloudfront.net/images/products/2026/07/bc057ef1-1be2-40a8-9321-d734617099d0.png', 'cremita', 0, true, '2026-07-17 03:02:06.892', '2026-07-17 03:02:12.641', 'images/products/2026/07/bc057ef1-1be2-40a8-9321-d734617099d0.png', 'image/png', 1254, 1254, 2514057, '523f46a878366d0ef3a1067e654ae581472941a65ba8348748344d30cea07b46');
INSERT INTO public."ProductImage" VALUES ('cmrodhijw002i2ktgjepd3gx7', 200030, 'https://d139alfkeie86e.cloudfront.net/images/products/2026/07/6b753a0d-641d-4cd2-bd77-4326082547aa.png', 'negros 1', 1, false, '2026-07-17 03:22:53.612', '2026-07-17 03:25:21.725', 'images/products/2026/07/6b753a0d-641d-4cd2-bd77-4326082547aa.png', 'image/png', 1254, 1254, 1205144, '5079a0d0232f0e6b49f985d48028c69a1d9440963f7ac2fa06bbeb62fcd07f88');
INSERT INTO public."ProductImage" VALUES ('cmrodi5ya002o2ktgaphsdidf', 200030, 'https://d139alfkeie86e.cloudfront.net/images/products/2026/07/6be2e32e-1d10-4e7f-bdc5-86ca1de98006.png', 'plateados', 2, false, '2026-07-17 03:23:23.938', '2026-07-17 03:25:21.82', 'images/products/2026/07/6be2e32e-1d10-4e7f-bdc5-86ca1de98006.png', 'image/png', 1254, 1254, 1284034, 'bb1dca02e89e0d69d878513bbb0e7b7a5e85eb1abaf3e662b46a0bc0e9d2304f');
INSERT INTO public."ProductImage" VALUES ('cmrodnc1t00382ktg7agdlms1', 200029, 'https://d139alfkeie86e.cloudfront.net/images/products/2026/07/8b22cc74-88b9-47db-bda8-07ffbe5fc3d8.png', 'borde blanco', 3, false, '2026-07-17 03:27:25.122', '2026-07-17 03:27:33.046', 'images/products/2026/07/8b22cc74-88b9-47db-bda8-07ffbe5fc3d8.png', 'image/png', 1254, 1254, 996545, 'a232f713cf2da702c842267a93040ac30ef72a5e67c3b9a9339b8f78b20e92ae');
INSERT INTO public."ProductImage" VALUES ('cmroegpxw003h2ktg00o78vzw', 220132, 'https://d139alfkeie86e.cloudfront.net/images/products/2026/07/660c797d-ae2e-4ee8-b7ee-12fdbfad81fd.png', 'negro', 0, false, '2026-07-17 03:50:16.148', '2026-07-17 03:50:42.35', 'images/products/2026/07/660c797d-ae2e-4ee8-b7ee-12fdbfad81fd.png', 'image/png', 1086, 1448, 2697297, 'd893b8312792c3ef3ed25442f9becfbbabb8371086c6ec550d0d4d25bdb5e11d');
INSERT INTO public."ProductImage" VALUES ('cmroeh37h003n2ktglkub9zd7', 220132, 'https://d139alfkeie86e.cloudfront.net/images/products/2026/07/42d27760-c2ca-409c-9fd1-0463fcc17f88.png', 'blanco', 1, true, '2026-07-17 03:50:33.341', '2026-07-17 03:50:42.593', 'images/products/2026/07/42d27760-c2ca-409c-9fd1-0463fcc17f88.png', 'image/png', 1086, 1448, 3104041, '3cc72868cf842e506e4598eba80f949305ffd41fd4e39f8e9eed9a96bb16cb32');
INSERT INTO public."ProductImage" VALUES ('cmrod3h8g001w2ktgj1skv03r', 220131, 'https://d139alfkeie86e.cloudfront.net/images/products/2026/07/d963364a-d690-4f0c-b789-6e29ca58e62b.png', 'negro', 3, false, '2026-07-17 03:11:58.721', '2026-07-17 03:11:58.721', 'images/products/2026/07/d963364a-d690-4f0c-b789-6e29ca58e62b.png', 'image/png', 1254, 1254, 1575975, '8ecf6cadec346692c36c6a2c6cb7e76615a28d15dfb85f90e30b01c333669b4d');
INSERT INTO public."ProductImage" VALUES ('cmrod1cag001c2ktgv9bymi82', 220131, 'https://d139alfkeie86e.cloudfront.net/images/products/2026/07/d5ac0301-7239-4f71-b92a-3af3b464907c.png', 'blanco', 0, true, '2026-07-17 03:10:19', '2026-07-17 03:11:58.811', 'images/products/2026/07/d5ac0301-7239-4f71-b92a-3af3b464907c.png', 'image/png', 1254, 1254, 1955178, '7f6b811a56c168902e21199b553a1014d1cf96a3581c2c408471e793f5f49d0f');
INSERT INTO public."ProductImage" VALUES ('cmrod1pqk001i2ktgmc1jcagg', 220131, 'https://d139alfkeie86e.cloudfront.net/images/products/2026/07/cca4b530-3566-436a-9ef5-dac905c54a50.png', 'back', 1, false, '2026-07-17 03:10:36.428', '2026-07-17 03:11:58.946', 'images/products/2026/07/cca4b530-3566-436a-9ef5-dac905c54a50.png', 'image/png', 1254, 1254, 2951554, '2758381b2e414e5bd03e4f4e818a7f1f2528290888c2d6fd501bc63dbf35e8ae');
INSERT INTO public."ProductImage" VALUES ('cmrod2pwg001q2ktgkjsgy20y', 220131, 'https://d139alfkeie86e.cloudfront.net/images/products/2026/07/b32902f6-14bc-403a-80db-9a4c1313d8c3.png', 'blanco', 2, false, '2026-07-17 03:11:23.296', '2026-07-17 03:11:59.037', 'images/products/2026/07/b32902f6-14bc-403a-80db-9a4c1313d8c3.png', 'image/png', 1536, 1024, 2220808, 'adf5d5b0d03ceb32026df36da30249d8792febf7041054d956671dbe7598edb8');
INSERT INTO public."ProductImage" VALUES ('cmroejtda003w2ktg36regobb', 220133, 'https://d139alfkeie86e.cloudfront.net/images/products/2026/07/eb1b592c-35e1-4dc3-9e23-70ec2d7e8c53.png', 'tres', 0, true, '2026-07-17 03:52:40.558', '2026-07-17 03:52:45.882', 'images/products/2026/07/eb1b592c-35e1-4dc3-9e23-70ec2d7e8c53.png', 'image/png', 1536, 1024, 2076189, '9c4ec3229f77bc8416be917e99373104ebc6fd82e300ddb0b5ddbe3faabe97a6');
INSERT INTO public."ProductImage" VALUES ('cmrp15o6t00052k4pwze1mdij', 200043, 'https://d139alfkeie86e.cloudfront.net/images/products/2026/07/f575bf7f-e69a-4d5c-89d7-e2f7e709714e.png', 'encendedor', 0, true, '2026-07-17 14:25:31.829', '2026-07-17 14:26:03.196', 'images/products/2026/07/f575bf7f-e69a-4d5c-89d7-e2f7e709714e.png', 'image/png', 1350, 1318, 1089084, '71283be1e7804737de74ce5855559757fe24218e555e7d21989ce95c19f15ec8');
INSERT INTO public."ProductImage" VALUES ('cmrp163ty000b2k4p8i5nx4iq', 200043, 'https://d139alfkeie86e.cloudfront.net/images/products/2026/07/2b181b61-a941-4e7e-b122-994ca4b4e0cd.png', 'encendedor', 1, false, '2026-07-17 14:25:52.102', '2026-07-17 14:26:03.377', 'images/products/2026/07/2b181b61-a941-4e7e-b122-994ca4b4e0cd.png', 'image/png', 1190, 1454, 145402, 'a1151e04197facf4e709c00b419c9a4ae536835ad9d2fd0e51a7f2983878e817');
-- Data for Name: ProductSlugAlias; Type: TABLE DATA; Schema: public; Owner: -
INSERT INTO public."ProductSlugAlias" VALUES ('splahes', 220126, '2026-07-16 02:48:21.941');
INSERT INTO public."ProductSlugAlias" VALUES ('leggings-para-mujer-1041', 200011, '2026-07-16 03:03:39.155');
-- Data for Name: ProductTag; Type: TABLE DATA; Schema: public; Owner: -
-- Data for Name: ProductVariant; Type: TABLE DATA; Schema: public; Owner: -
INSERT INTO public."ProductVariant" VALUES ('product-200000-base', 200000, 'MDQ-200000', NULL, NULL, true, true, NULL, '2026-07-13 18:18:22.573', '2026-07-13 18:18:22.573');
INSERT INTO public."ProductVariant" VALUES ('product-200001-base', 200001, 'MDQ-200001', NULL, NULL, true, true, NULL, '2026-07-13 18:18:23.317', '2026-07-13 18:18:23.317');
INSERT INTO public."ProductVariant" VALUES ('product-200002-base', 200002, 'MDQ-200002', NULL, NULL, true, true, NULL, '2026-07-13 18:18:23.745', '2026-07-13 18:18:23.745');
INSERT INTO public."ProductVariant" VALUES ('product-200003-base', 200003, 'MDQ-200003', NULL, NULL, true, true, NULL, '2026-07-13 18:18:24.115', '2026-07-13 18:18:24.115');
INSERT INTO public."ProductVariant" VALUES ('product-200004-base', 200004, 'MDQ-200004', NULL, NULL, true, true, NULL, '2026-07-13 18:18:24.541', '2026-07-13 18:18:24.541');
INSERT INTO public."ProductVariant" VALUES ('product-200005-base', 200005, 'MDQ-200005', NULL, NULL, true, true, NULL, '2026-07-13 18:18:24.973', '2026-07-13 18:18:24.973');
INSERT INTO public."ProductVariant" VALUES ('product-200006-base', 200006, 'MDQ-200006', NULL, NULL, true, true, NULL, '2026-07-13 18:18:25.412', '2026-07-13 18:18:25.412');
INSERT INTO public."ProductVariant" VALUES ('product-200007-base', 200007, 'MDQ-200007', NULL, NULL, true, true, NULL, '2026-07-13 18:18:25.842', '2026-07-13 18:18:25.842');
INSERT INTO public."ProductVariant" VALUES ('product-200008-base', 200008, 'MDQ-200008', NULL, NULL, true, true, NULL, '2026-07-13 18:18:26.212', '2026-07-13 18:18:26.212');
INSERT INTO public."ProductVariant" VALUES ('product-200009-base', 200009, 'MDQ-200009', NULL, NULL, true, true, NULL, '2026-07-13 18:18:26.643', '2026-07-13 18:18:26.643');
INSERT INTO public."ProductVariant" VALUES ('product-200010-base', 200010, 'MDQ-200010', NULL, NULL, true, true, NULL, '2026-07-13 18:18:27.074', '2026-07-13 18:18:27.074');
INSERT INTO public."ProductVariant" VALUES ('product-200011-base', 200011, 'MDQ-200011', NULL, NULL, true, true, NULL, '2026-07-13 18:18:27.508', '2026-07-13 18:18:27.508');
INSERT INTO public."ProductVariant" VALUES ('product-200012-base', 200012, 'MDQ-200012', NULL, NULL, true, true, NULL, '2026-07-13 18:18:27.939', '2026-07-13 18:18:27.939');
INSERT INTO public."ProductVariant" VALUES ('product-200013-base', 200013, 'MDQ-200013', NULL, NULL, true, true, NULL, '2026-07-13 18:18:28.309', '2026-07-13 18:18:28.309');
INSERT INTO public."ProductVariant" VALUES ('product-200014-base', 200014, 'MDQ-200014', NULL, NULL, true, true, NULL, '2026-07-13 18:18:28.738', '2026-07-13 18:18:28.738');
INSERT INTO public."ProductVariant" VALUES ('product-200015-base', 200015, 'MDQ-200015', NULL, NULL, true, true, NULL, '2026-07-13 18:18:29.169', '2026-07-13 18:18:29.169');
INSERT INTO public."ProductVariant" VALUES ('product-200016-base', 200016, 'MDQ-200016', NULL, NULL, true, true, NULL, '2026-07-13 18:18:29.606', '2026-07-13 18:18:29.606');
INSERT INTO public."ProductVariant" VALUES ('product-200017-base', 200017, 'MDQ-200017', NULL, NULL, true, true, NULL, '2026-07-13 18:18:30.036', '2026-07-13 18:18:30.036');
INSERT INTO public."ProductVariant" VALUES ('product-200018-base', 200018, 'MDQ-200018', NULL, NULL, true, true, NULL, '2026-07-13 18:18:30.419', '2026-07-13 18:18:30.419');
INSERT INTO public."ProductVariant" VALUES ('product-200019-base', 200019, 'MDQ-200019', NULL, NULL, true, true, NULL, '2026-07-13 18:18:30.847', '2026-07-13 18:18:30.847');
INSERT INTO public."ProductVariant" VALUES ('product-200020-base', 200020, 'MDQ-200020', NULL, NULL, true, true, NULL, '2026-07-13 18:18:31.274', '2026-07-13 18:18:31.274');
INSERT INTO public."ProductVariant" VALUES ('product-200021-base', 200021, 'MDQ-200021', NULL, NULL, true, true, NULL, '2026-07-13 18:18:31.704', '2026-07-13 18:18:31.704');
INSERT INTO public."ProductVariant" VALUES ('product-200022-base', 200022, 'MDQ-200022', NULL, NULL, true, true, NULL, '2026-07-13 18:18:32.136', '2026-07-13 18:18:32.136');
INSERT INTO public."ProductVariant" VALUES ('product-200023-base', 200023, 'MDQ-200023', NULL, NULL, true, true, NULL, '2026-07-13 18:18:32.542', '2026-07-13 18:18:32.542');
INSERT INTO public."ProductVariant" VALUES ('product-200024-base', 200024, 'MDQ-200024', NULL, NULL, true, true, NULL, '2026-07-13 18:18:32.962', '2026-07-13 18:18:32.962');
INSERT INTO public."ProductVariant" VALUES ('product-200025-base', 200025, 'MDQ-200025', NULL, NULL, true, true, NULL, '2026-07-13 18:18:33.389', '2026-07-13 18:18:33.389');
INSERT INTO public."ProductVariant" VALUES ('product-200026-base', 200026, 'MDQ-200026', NULL, NULL, true, true, NULL, '2026-07-13 18:18:33.823', '2026-07-13 18:18:33.823');
INSERT INTO public."ProductVariant" VALUES ('product-200027-base', 200027, 'MDQ-200027', NULL, NULL, true, true, NULL, '2026-07-13 18:18:34.234', '2026-07-13 18:18:34.234');
INSERT INTO public."ProductVariant" VALUES ('product-200028-base', 200028, 'MDQ-200028', NULL, NULL, true, true, NULL, '2026-07-13 18:18:34.632', '2026-07-13 18:18:34.632');
INSERT INTO public."ProductVariant" VALUES ('product-200029-base', 200029, 'MDQ-200029', NULL, NULL, true, true, NULL, '2026-07-13 18:18:35.053', '2026-07-13 18:18:35.053');
INSERT INTO public."ProductVariant" VALUES ('product-200030-base', 200030, 'MDQ-200030', NULL, NULL, true, true, NULL, '2026-07-13 18:18:35.467', '2026-07-13 18:18:35.467');
INSERT INTO public."ProductVariant" VALUES ('product-200031-base', 200031, 'MDQ-200031', NULL, NULL, true, true, NULL, '2026-07-13 18:18:35.896', '2026-07-13 18:18:35.896');
INSERT INTO public."ProductVariant" VALUES ('product-200032-base', 200032, 'MDQ-200032', NULL, NULL, true, true, NULL, '2026-07-13 18:18:36.327', '2026-07-13 18:18:36.327');
INSERT INTO public."ProductVariant" VALUES ('product-200033-base', 200033, 'MDQ-200033', NULL, NULL, true, true, NULL, '2026-07-13 18:18:36.697', '2026-07-13 18:18:36.697');
INSERT INTO public."ProductVariant" VALUES ('product-200034-base', 200034, 'MDQ-200034', NULL, NULL, true, true, NULL, '2026-07-13 18:18:37.129', '2026-07-13 18:18:37.129');
INSERT INTO public."ProductVariant" VALUES ('product-200035-base', 200035, 'MDQ-200035', NULL, NULL, true, true, NULL, '2026-07-13 18:18:37.559', '2026-07-13 18:18:37.559');
INSERT INTO public."ProductVariant" VALUES ('product-200036-base', 200036, 'MDQ-200036', NULL, NULL, true, true, NULL, '2026-07-13 18:18:37.991', '2026-07-13 18:18:37.991');
INSERT INTO public."ProductVariant" VALUES ('product-200037-base', 200037, 'MDQ-200037', NULL, NULL, true, true, NULL, '2026-07-13 18:18:38.425', '2026-07-13 18:18:38.425');
INSERT INTO public."ProductVariant" VALUES ('product-200038-base', 200038, 'MDQ-200038', NULL, NULL, true, true, NULL, '2026-07-13 18:18:38.805', '2026-07-13 18:18:38.805');
INSERT INTO public."ProductVariant" VALUES ('product-200039-base', 200039, 'MDQ-200039', NULL, NULL, true, true, NULL, '2026-07-13 18:18:39.238', '2026-07-13 18:18:39.238');
INSERT INTO public."ProductVariant" VALUES ('product-200040-base', 200040, 'MDQ-200040', NULL, NULL, true, true, NULL, '2026-07-13 18:18:39.656', '2026-07-13 18:18:39.656');
INSERT INTO public."ProductVariant" VALUES ('product-200041-base', 200041, 'MDQ-200041', NULL, NULL, true, true, NULL, '2026-07-13 18:18:40.088', '2026-07-13 18:18:40.088');
INSERT INTO public."ProductVariant" VALUES ('product-200042-base', 200042, 'MDQ-200042', NULL, NULL, true, true, NULL, '2026-07-13 18:18:40.521', '2026-07-13 18:18:40.521');
INSERT INTO public."ProductVariant" VALUES ('product-200043-base', 200043, 'MDQ-200043', NULL, NULL, true, true, NULL, '2026-07-13 18:18:40.886', '2026-07-13 18:18:40.886');
INSERT INTO public."ProductVariant" VALUES ('product-200044-base', 200044, 'MDQ-200044', NULL, NULL, true, true, NULL, '2026-07-13 18:18:41.33', '2026-07-13 18:18:41.33');
INSERT INTO public."ProductVariant" VALUES ('product-200045-base', 200045, 'MDQ-200045', NULL, NULL, true, true, NULL, '2026-07-13 18:18:41.759', '2026-07-13 18:18:41.759');
INSERT INTO public."ProductVariant" VALUES ('product-200046-base', 200046, 'MDQ-200046', NULL, NULL, true, true, NULL, '2026-07-13 18:18:42.188', '2026-07-13 18:18:42.188');
INSERT INTO public."ProductVariant" VALUES ('cmrkpul2u00002k6pqr4pnpc4', 220125, 'cc-base-22', NULL, NULL, true, true, NULL, '2026-07-14 13:57:54.102', '2026-07-14 13:57:54.102');
INSERT INTO public."ProductVariant" VALUES ('cmrkrtzik000b2k6pem16hc0g', 220126, 'v1-splahes-01', NULL, NULL, true, true, NULL, '2026-07-14 14:53:25.389', '2026-07-14 14:53:25.389');
INSERT INTO public."ProductVariant" VALUES ('cmrl3przi000p2k6p8buhagb6', 220127, 'grr-01', NULL, NULL, true, true, NULL, '2026-07-14 20:26:04.397', '2026-07-14 20:26:04.397');
INSERT INTO public."ProductVariant" VALUES ('cmrl3z14t000w2k6pvw5e1mn0', 220128, 'grr-02-h', NULL, NULL, true, true, NULL, '2026-07-14 20:33:16.158', '2026-07-14 20:33:16.158');
INSERT INTO public."ProductVariant" VALUES ('cmrl452lm000x2k6pltd9fegy', 220129, 'grr-03-h', NULL, NULL, true, true, NULL, '2026-07-14 20:37:57.994', '2026-07-14 20:37:57.994');
INSERT INTO public."ProductVariant" VALUES ('cmrmynclk005b2kw98dg4v4rc', 220130, 'cstamp-v1', NULL, NULL, true, true, NULL, '2026-07-16 03:39:45.415', '2026-07-16 03:39:45.415');
INSERT INTO public."ProductVariant" VALUES ('cmrod031j00182ktgmz5evixb', 220131, 'croptop-v1', NULL, NULL, true, true, NULL, '2026-07-17 03:09:20.359', '2026-07-17 03:09:20.359');
INSERT INTO public."ProductVariant" VALUES ('cmroee0rl003d2ktgh5efez0f', 220132, 'hoodies-v1', NULL, NULL, true, true, NULL, '2026-07-17 03:48:10.209', '2026-07-17 03:48:10.209');
INSERT INTO public."ProductVariant" VALUES ('cmroeih3j003s2ktg8zxqrnnl', 220133, 'splash-dama-v1', NULL, NULL, true, true, NULL, '2026-07-17 03:51:37.999', '2026-07-17 03:51:37.999');
-- Data for Name: VariantAttribute; Type: TABLE DATA; Schema: public; Owner: -
-- Name: Product_id_seq; Type: SEQUENCE SET; Schema: public; Owner: -
SELECT pg_catalog.setval('public."Product_id_seq"', 220133, true);
-- PostgreSQL database dump complete
\unrestrict aOqwTFZq2dHgUHNBzejIz4NBOVHGMyMKXI4bQXB2dXtg6A70LhE0BhA3ZMguwKt
